step,eval_math500,ess,ess_shaped,clipped,frac_upper,skipped,trip,grad_norm,length,length_clip,entropy,reward,ppo_kl
0,0.502,,,,,,,,,,,,
1,,0.42787909852412587,0.4278376850631766,0.5,0.002449779316903568,0.0,0.125,0.03705078058261519,852.665771484375,0.007080078125,0.13858671486377716,0.087158203125,0.00034723805269483893
2,,0.31454350041960033,0.3144064000012036,0.5,0.005437402062232804,0.0,0.125,0.07894554397701695,836.336669921875,0.004638671875,0.10055941343307495,0.127197265625,0.0010055961614199305
3,,0.3956247897684715,0.3958072445262737,0.5,0.0027599387569263657,0.0,0.25,0.11077841103749603,816.848388671875,0.00244140625,0.07170072942972183,0.135009765625,0.00038128986511824314
4,,0.4346434804557477,0.43461014136340764,0.0,0.002592680774690846,0.0,0.0,0.0457018273347183,840.30517578125,0.001953125,0.06006653234362602,0.158447265625,0.00033718170519734614
5,,0.4608447820565925,0.46084460858965726,0.5,0.0009260147047526768,0.0,0.125,0.05202983792330565,846.432861328125,0.001953125,0.05104502663016319,0.1904296875,0.00016128873853715753
6,,0.516978776472113,0.5169779403813787,0.0,0.0012458793940682603,0.0,0.0,0.03504632526960873,826.9306640625,0.000244140625,0.038417086005210876,0.190185546875,0.00011582269019528804
7,,0.3594396398407786,0.35943669017896374,0.0,0.002509483888593372,0.0,0.0,0.030166936276368385,816.637451171875,0.000244140625,0.03482355177402496,0.205322265625,0.0005267844957164888
8,,0.404285387113379,0.40428502506148223,0.0,0.0017491263143538417,0.0,0.0,0.024029563773733782,819.23388671875,0.0,0.02689487859606743,0.243408203125,0.0003967711108978327
9,,0.45931063744885003,0.4591542049127701,0.375,0.0009766175670283584,0.0,0.125,0.034100843371337015,878.866455078125,0.0,0.02121436782181263,0.2958984375,0.0002698289807065229
10,0.704,0.3841997099545457,0.38399247583706914,0.0,0.006945968697145444,0.0,0.0,0.022573055710068207,868.313232421875,0.000244140625,0.018003089353442192,0.258544921875,0.0004993153014737234
11,,0.5239650325901386,0.5239519662430774,0.0,0.0024225117395022147,0.0,0.0,0.022520253172657816,903.253662109375,0.000244140625,0.023966984823346138,0.275146484375,8.320116237367107e-05
12,,0.5816942788514692,0.5816937310270585,0.0,0.0010613469350717704,0.0,0.0,0.021296003422777404,852.380126953125,0.0,0.02251042053103447,0.281982421875,7.720635451339117e-05
13,,0.5605410811771546,0.5605407499946566,0.0,0.0010543895183281965,0.0,0.0,0.01967392420790176,877.2158203125,0.0,0.0225264523178339,0.278564453125,0.0001285690701540567
14,,0.5416733673398134,0.5416730188147637,0.0,0.000869433944614479,0.0,0.0,0.018713700541147404,914.70166015625,0.000244140625,0.02095549926161766,0.302734375,0.00013948409408934083
15,,0.40073431218689626,0.40073354294695457,0.0,0.0028663608559631364,0.0,0.0,0.01974208234354099,894.33251953125,0.000244140625,0.01727437414228916,0.2998046875,0.00046097181855814923
16,,0.5025575827305735,0.5026889533849861,0.5,0.0014403632435454426,0.0,0.125,0.035382685833304534,908.499755859375,0.0,0.014857565052807331,0.31591796875,0.00010930992153456641
17,,0.45845958895030126,0.4596411067028498,0.0,0.0043650586873504055,0.0,0.0,0.02204177484244763,915.6279296875,0.0,0.014688481576740742,0.25634765625,0.0002897919514355759
18,,0.40611107966135085,0.40629412951416843,0.0,0.0052442234100691125,0.0,0.0,0.023288075982263803,920.578125,0.000244140625,0.015968896448612213,0.269287109375,0.0005121547553347673
19,,0.5618786381452845,0.5619424041271639,0.0,0.0023298259972029263,0.0,0.0,0.022336157309081266,952.909423828125,0.000244140625,0.015341871418058872,0.27783203125,0.00022171087361775628
20,0.73,0.6030841022933153,0.6030838957750866,0.0,0.0009515311123026477,0.0,0.0,0.02465531948461064,993.912841796875,0.0,0.014259997755289078,0.32763671875,5.449390672943959e-05
21,,0.49065798468858157,0.4906578322360353,0.0,0.0023679775027938697,0.0,0.0,0.02137095196667463,1055.241943359375,0.0,0.013709093444049358,0.258544921875,0.0002735127881834387
22,,0.494288757099842,0.49437516401793585,0.0,0.0024523100411073992,0.0,0.0,0.03138266557438353,999.108154296875,0.0,0.012758458033204079,0.32470703125,0.0003498893718446065
23,,0.4794503111302857,0.47943497146933883,0.0,0.0018959066728938016,0.0,0.0,0.024349208601089516,976.126708984375,0.0,0.011974507942795753,0.283447265625,0.0003889847471452157
24,,0.529926392473089,0.5305940971524028,0.0,0.001668538100305031,0.0,0.0,0.020948034023719628,1008.603759765625,0.0,0.010662281885743141,0.305908203125,0.00019155293586657353
25,,0.4560939367528253,0.4560717017826158,0.0,0.003032429907542314,0.0,0.0,0.025746636358749676,1016.816162109375,0.0,0.009672321379184723,0.32958984375,0.00024963309668859515
26,,0.4270866692943108,0.427427844007183,0.0,0.0034172635134426086,0.0,0.0,0.029643870823604892,1058.52783203125,0.0,0.009769054129719734,0.339599609375,0.0003428645104023668
27,,0.4210091784334891,0.42096176511120753,0.0,0.0031666739113166524,0.0,0.0,0.02420746244511825,1017.305419921875,0.000244140625,0.010418305173516273,0.31201171875,0.00031195171209989303
28,,0.43741695886392506,0.44736459187763533,0.0,0.0027573867193780165,0.0,0.0,0.024083326238380446,1050.57958984375,0.0,0.010902194306254387,0.29443359375,0.00022538720928366726
29,,0.391038941002229,0.39279907494637506,0.25,0.0037415738284277858,0.0,0.125,0.03093525048787588,982.86181640625,0.0,0.009946498088538647,0.326171875,0.00034986488849568785
30,0.708,0.28443216748871347,0.29746474372329945,0.25,0.006376602461405555,0.0,0.375,0.03915912039628086,1007.60693359375,0.0,0.009609602391719818,0.29833984375,0.0009400398254257424
31,,0.2923700001365151,0.2936996390982644,0.5,0.005648167699025593,0.0,0.375,0.06500707542935336,1027.687744140625,0.0,0.009844058193266392,0.31884765625,0.0009132578621508477
32,,0.2451644060511396,0.24673169420571145,0.5,0.0069767311298533806,0.0,0.375,0.04133226561796985,1074.199462890625,0.0,0.009843641892075539,0.32177734375,0.001033823827472386
33,,0.2699048881937962,0.26973020203742915,0.625,0.005467558833295793,0.0,0.625,0.05920226372459224,1076.50341796875,0.000244140625,0.009824139066040516,0.330810546875,0.0010201742665034213
34,,0.2489030902346882,0.26790660360258556,0.5,0.007310107787185801,0.0,0.5,0.042143745639983556,1054.03369140625,0.0,0.010727914050221443,0.286865234375,0.001046902732005053
35,,0.3238120591269972,0.35108304030979065,0.625,0.0039033218205947614,0.0,0.125,0.15015929898688807,1073.27001953125,0.0,0.010089607909321785,0.3466796875,0.0005700523627136059
36,,0.21746516227698842,0.22460450343226568,0.75,0.00671244509239285,0.0,0.375,0.19311981949671359,1091.721435546875,0.0,0.009437326341867447,0.362548828125,0.0015013815635837899
37,,0.3248217996069378,0.32544515593715523,0.0,0.004457283153218758,0.0,0.0,0.021461445269339113,1059.825927734375,0.0,0.009441361762583256,0.328857421875,0.0007369985830050516
38,,0.5025043017488582,0.5030589719859413,0.0,0.0025525048308428573,0.0,0.0,0.021025705709190066,1081.4853515625,0.000244140625,0.008804501965641975,0.368408203125,0.00015227579021647052
39,,0.4665727751868208,0.4682367483148983,0.0,0.0028473701337664884,0.0,0.0,0.019835160012836254,1008.5400390625,0.0,0.009021265432238579,0.290771484375,0.00018303661173464683
40,0.718,0.4373580963786441,0.43751591204513574,0.0,0.0028406741950450162,0.0,0.0,0.02041587851278398,1067.5751953125,0.0,0.008819391950964928,0.33984375,0.0003257953497629806
41,,0.41592942726247334,0.4181117433487195,0.0,0.003585069809474956,0.0,0.0,0.022686302784717435,1058.29833984375,0.000244140625,0.00838716235011816,0.3505859375,0.00047600554686807095
42,,0.3758176415448472,0.3761114024048067,0.25,0.0035650177239000508,0.0,0.125,0.023991860695448383,1123.9921875,0.000244140625,0.008254618383944035,0.3525390625,0.0003899000431510381
43,,0.30357590162150827,0.3060458187761864,0.25,0.004821506620958593,0.0,0.25,0.02523825611677475,1103.4462890625,0.000244140625,0.008709397166967392,0.36279296875,0.0006986922081536149
44,,0.2741921174686386,0.27466339709360044,0.375,0.005590240444518925,0.0,0.375,0.0273687661442453,1147.5859375,0.0,0.008664638735353947,0.322021484375,0.0010375021307330219
45,,0.25817355575758555,0.2633055092782396,0.625,0.004700850871039805,0.0,0.375,0.024446238410717025,1149.11083984375,0.0,0.008523106575012207,0.3349609375,0.0006532388519433299
46,,0.2449493379113015,0.24486338779774475,0.5,0.00462732067643214,0.0,0.5,0.02796418645504108,1235.283935546875,0.0,0.008491424843668938,0.3203125,0.0007863658831790114
47,,0.2069702836037063,0.2101024088491446,0.5,0.0065521423377884365,0.0,0.625,0.02666372200022917,1189.85400390625,0.00048828125,0.0084969662129879,0.322509765625,0.0012781634368719905
48,,0.23050775357736572,0.23113553841951784,0.5,0.006024102517481577,0.0,0.375,0.027124914268067936,1136.61083984375,0.000244140625,0.008431368507444859,0.3232421875,0.001347463042527074
49,,0.24099798953223373,0.24748550845477063,0.5,0.006262734763457178,0.0,0.5,0.02530594500027518,1150.15478515625,0.000244140625,0.00803284253925085,0.32421875,0.0011074896135722964
50,0.728,0.276307736598994,0.27965215188207754,0.5,0.0046802500021634035,0.0,0.25,0.024955955133822552,1146.563232421875,0.0,0.008024178445339203,0.3232421875,0.0007972515737947107
51,,0.25846144842416224,0.2723289182364094,0.25,0.005892367789900997,0.0,0.375,0.02325833259324325,1177.758056640625,0.0,0.007351601496338844,0.36376953125,0.0011514425795730353
52,,0.37233671056082396,0.3724267411780857,0.0,0.0032427934656178293,0.0,0.0,0.020487436886769794,1072.92041015625,0.000244140625,0.007472644560039043,0.2900390625,0.0003414451651772134
53,,0.48483962453002893,0.4985821985937817,0.0,0.0024546168543404757,0.0,0.0,0.021694869004178118,1093.85107421875,0.000244140625,0.007033527363091707,0.36083984375,0.00021910276310137532
54,,0.4271156921330707,0.46003289996678715,0.0,0.0025898208793894446,0.0,0.0,0.022858653362251236,1092.461181640625,0.000244140625,0.00675203138962388,0.35546875,0.00021123063421807982
55,,0.4576690222444077,0.4634934885125269,0.0,0.00277671536583691,0.0,0.0,0.02400873415986654,1103.680908203125,0.0,0.006416624877601862,0.402099609375,0.00023173180163927516
56,,0.4512963577400763,0.4512331077874603,0.0,0.002853664412897322,0.0,0.0,0.02309336744874292,1111.7705078125,0.0,0.006507096346467733,0.36767578125,0.0002981456206323606
57,,0.35775909073070955,0.37883179211471263,0.25,0.003234367923113402,0.0,0.125,0.023417363830251198,1127.21630859375,0.0,0.006301114335656166,0.363037109375,0.0005307035652233437
58,,0.4051711362478675,0.4067936131699844,0.25,0.0030563403994910234,0.0,0.125,0.02500932830995583,1192.022705078125,0.00146484375,0.007151800207793713,0.314453125,0.00024014257012383824
59,,0.4630422273224169,0.4707552923985773,0.0,0.0026595171608982697,0.0,0.0,0.02463366338026923,1235.7509765625,0.00048828125,0.006717801094055176,0.37841796875,0.00018382863366899946
60,0.72,0.3479551700096507,0.3710111020517539,0.125,0.002983751061002532,0.0,0.25,0.02528634889788131,1224.05908203125,0.000244140625,0.006889921613037586,0.353271484375,0.0004567686189325571
61,,0.3896944598425174,0.3905785411993048,0.625,0.002822130093555959,0.0,0.125,0.022418518810441962,1187.859375,0.0,0.006478836759924889,0.36376953125,0.00016306832286145932
62,,0.32928193980139125,0.3479467845129359,0.375,0.002978929295002798,0.0,0.25,0.02449160574709025,1189.45068359375,0.0,0.006808392237871885,0.328369140625,0.00023384568732562154
63,,0.36061119546412285,0.3738030910163386,0.0,0.003077081843236699,0.0,0.0,0.02680331808546717,1192.942138671875,0.0,0.006164925172924995,0.377685546875,0.0002793678497183075
64,,0.39472958598494234,0.4009992270845582,0.0,0.0033051563068438173,0.0,0.0,0.023693061827405177,1191.590576171875,0.000732421875,0.0066627138294279575,0.31005859375,0.00037350187599175894
65,,0.34252413928314435,0.38614617282541064,0.375,0.003171626305375871,0.0,0.25,0.02289548396689509,1145.551513671875,0.000244140625,0.0067712971940636635,0.34228515625,0.000512861296216026
66,,0.36679211963273456,0.3733633609745227,0.0,0.002751022288022594,0.0,0.0,0.02511543872808677,1256.4970703125,0.0009765625,0.006996797397732735,0.391357421875,0.00022390015678557993
67,,0.37115622679087235,0.38022907269772627,0.0,0.0031543502408057345,0.0,0.0,0.0258798555459397,1295.070068359375,0.000732421875,0.007030171807855368,0.310791015625,0.0003846510672066731
68,,0.40244313016034505,0.40319285475768674,0.0,0.003040808567389302,0.0,0.0,0.02490032243507359,1266.462646484375,0.00146484375,0.0063805533573031425,0.38427734375,0.00027107765294313326
69,,0.3649475521182989,0.36802119398278016,0.0,0.002991773003477247,0.0,0.0,0.025208260522139182,1270.659912109375,0.00146484375,0.0066084410063922405,0.35009765625,0.0002142108781208318
70,0.714,0.33629906384769065,0.33657818118992033,0.0,0.002869054192653365,0.0,0.0,0.0269662098841125,1196.27490234375,0.001708984375,0.006350969895720482,0.407958984375,0.00025108262814062715
71,,0.40570898409146017,0.41233668782409144,0.0,0.0030206147401766322,0.0,0.0,0.02649606403127205,1218.86376953125,0.00048828125,0.006124706007540226,0.3916015625,0.0003464393699057192
72,,0.3668040290311629,0.4040279029587546,0.5,0.0027891739743496884,0.0,0.125,0.025334613422376168,1294.74169921875,0.002197265625,0.006018940359354019,0.3935546875,0.0001899558129840507
73,,0.36551223129635446,0.38802242272539356,0.0,0.0030992987920570895,0.0,0.0,0.026839554794065166,1226.9833984375,0.001708984375,0.005901029799133539,0.399169921875,0.000375240827350017
74,,0.35354882488832295,0.36381113935573617,0.25,0.003450869029593636,0.0,0.25,0.026833130469878584,1287.0625,0.00634765625,0.006193612236529589,0.386962890625,0.00033317728287706816
75,,0.36217569186117743,0.36916714444383936,0.5,0.0030220358851244817,0.0,0.25,0.026391176195508327,1204.248779296875,0.0029296875,0.006687147542834282,0.363525390625,0.0002840971246593919
76,,0.3512233647519674,0.363513030061501,0.0,0.0032914080616581734,0.0,0.125,0.026657277704968296,1297.4794921875,0.0048828125,0.006560810375958681,0.421875,0.00043013749046409846
77,,0.4406424568091001,0.44054168847814246,0.0,0.0029719741536389102,0.0,0.0,0.026142281619136357,1180.195068359375,0.0029296875,0.006508789025247097,0.357666015625,0.0002245773931971525
78,,0.4000110323782349,0.4116524407274061,0.0,0.003069633729675887,0.0,0.0,0.025609126157637347,1152.74072265625,0.003173828125,0.005915441084653139,0.42431640625,0.00028246626171070475
79,,0.3877873086441339,0.39035323648658216,0.0,0.003034989130093741,0.0,0.0,0.025963629167784285,1170.15966796875,0.000244140625,0.006362097803503275,0.394287109375,0.00024680309933936917
80,0.722,0.3627822360876215,0.36953700408942325,0.5,0.003091272671371088,0.0,0.25,0.026803092667742758,1186.681884765625,0.00439453125,0.006419362500309944,0.37109375,0.0002874613873554921
81,,0.35814265279299395,0.36841510454501153,0.0,0.003146088276216562,0.0,0.125,0.025826530154531083,1173.328857421875,0.00439453125,0.005488219670951366,0.430908203125,0.0003479044127277102
82,,0.429719882094672,0.4443464961160989,0.0,0.0031042583068811424,0.0,0.0,0.025366545106085735,1202.057861328125,0.00390625,0.006005050614476204,0.381103515625,0.0002767895388531727
83,,0.367028872999708,0.372410097930554,0.0,0.0030108516803488998,0.0,0.0,0.02510550832224138,1106.193359375,0.002197265625,0.005524535197764635,0.39794921875,0.0002916851374444541
84,,0.3578238313380505,0.36245856464360504,0.0,0.0034159018034982808,0.0,0.0,0.026026488054964124,1189.001220703125,0.005126953125,0.005849633365869522,0.390380859375,0.0003343211324432124
85,,0.38254879202869285,0.38313671429024143,0.0,0.0032002901359804853,0.0,0.0,0.0252468496591991,1199.425048828125,0.006591796875,0.006049114279448986,0.35009765625,0.0002555830647455792
86,,0.3219896003895857,0.32465312787842493,0.375,0.003142642428455703,0.0,0.25,0.024508123798529034,1182.923828125,0.004150390625,0.00628228485584259,0.368896484375,0.0002355796305117508
87,,0.3892290360039163,0.3920554799800387,0.0,0.002878969884598068,0.0,0.0,0.02398243077487569,1232.639892578125,0.006591796875,0.005936392117291689,0.38330078125,0.00022021779880786294
88,,0.38503615365610927,0.39596749897958106,0.125,0.0028970413398516333,0.0,0.125,0.023915377093872717,1175.82275390625,0.004638671875,0.006031038239598274,0.357421875,0.00019065962424053378
89,,0.38837829714470185,0.39151989475927107,0.0,0.0029610879067800836,0.0,0.0,0.026640742506378996,1194.0625,0.0078125,0.005866094026714563,0.410888671875,0.00022124412172865133
90,0.72,0.36873384092370026,0.37313797972491625,0.0,0.0034099102711940992,0.0,0.0,0.02659830262668011,1199.68701171875,0.00439453125,0.005641264375299215,0.37939453125,0.0003426380343415284
91,,0.33049339447271603,0.3291713765760027,0.125,0.0036275705687322224,0.0,0.125,0.027377665092062894,1156.246826171875,0.0048828125,0.005892540328204632,0.3740234375,0.0004403849422500469
92,,0.35491353797372954,0.3710087558556026,0.375,0.0032117936281502325,0.0,0.125,0.031068359872221427,1176.893310546875,0.006103515625,0.005467766430228949,0.42236328125,0.000379710609547601
93,,0.24002958059019286,0.26814933403389307,0.5,0.0038594832682140347,0.0,0.375,0.027217234348458175,1154.72412109375,0.00537109375,0.005511458031833172,0.394775390625,0.002328192099435
94,,0.27014997181294476,0.27355351805861555,0.25,0.004285072718590282,0.0,0.375,0.029818320321360538,1337.062744140625,0.012451171875,0.005937538109719753,0.4052734375,0.0006833480953801971
95,,0.2885250509234204,0.3027355892636504,0.0,0.004097284704876051,0.0,0.0,0.03602192797368271,1298.188720703125,0.00732421875,0.006323191337287426,0.42822265625,0.0006437155533917084
96,,0.285781267452051,0.3088762178309211,0.25,0.004140669156487309,0.0,0.25,0.031679350044830114,1352.988525390625,0.006591796875,0.006511598825454712,0.38720703125,0.0007023608840066533
97,,0.2921352160748978,0.3032988459963742,0.25,0.0038935269626199477,0.0,0.125,0.032251811511245065,1301.244384765625,0.010009765625,0.006260025314986706,0.394287109375,0.00047659359446405663
98,,0.30209659223212154,0.31294799495251835,0.25,0.0039017542283994403,0.0,0.25,0.03079508177985424,1274.227783203125,0.00634765625,0.006064151413738728,0.4189453125,0.0005713323005004372
99,,0.31954186684672214,0.3308638636996369,0.375,0.0032950213611258727,0.0,0.25,0.029439723010728308,1352.700439453125,0.011962890625,0.006015932187438011,0.416748046875,0.00041413698666519167
100,0.726,0.30126504747438154,0.31157779686241593,0.125,0.00375439068568454,0.0,0.125,0.03078053681569611,1331.953125,0.009765625,0.0060351151041686535,0.374755859375,0.0007638337957605738
101,,0.2783714659382854,0.28047038884843933,0.375,0.003410744354544537,0.0,0.125,0.0315778049168398,1406.75341796875,0.01611328125,0.006590989418327808,0.437255859375,0.00034781964845588423
102,,0.2469074426069138,0.27832627203634674,0.375,0.003779093261854734,0.0,0.5,0.031141459928558844,1343.061279296875,0.00732421875,0.006778104230761528,0.420166015625,0.00041021867900227553
103,,0.2904799366034794,0.29247597104204537,0.5,0.0036016334684096435,0.0,0.375,0.030267036928556097,1372.97021484375,0.010986328125,0.006692343857139349,0.384765625,0.000430487770930179
104,,0.21911158016299756,0.2274701096411747,0.5,0.004381753703550772,0.0,0.375,0.03360251400544183,1362.81591796875,0.008056640625,0.007079713512212038,0.41259765625,0.0005256069253385709
105,,0.19406438479231342,0.21317355901506824,0.5,0.004535754086596019,0.0,0.625,0.03456531619697333,1407.884765625,0.0078125,0.0067185149528086185,0.38720703125,0.0008773301882001761
106,,0.21405703060972614,0.22356638171319054,0.625,0.004809712916097446,0.0,0.5,0.032451776253625664,1345.3828125,0.007568359375,0.006250094622373581,0.41796875,0.0007822571044456127
107,,0.22226610948434916,0.23402185497448752,0.625,0.005248703884350683,0.0,0.5,0.037263822040677894,1317.424072265625,0.008544921875,0.006619547493755817,0.380859375,0.001006640878901263
108,,0.20577031027157477,0.23579492457679074,0.625,0.004834867829195576,0.0,0.625,0.030317530578743465,1352.915771484375,0.00732421875,0.006515853106975555,0.374267578125,0.0007991922587622523
109,,0.22348241181482967,0.22675516606509177,0.625,0.004234643213431505,0.0,0.5,0.03247290638145629,1346.657470703125,0.00537109375,0.007251623086631298,0.362060546875,0.0005779579348594271
110,0.72,0.26045573501208535,0.269198301700667,0.375,0.005028566268862778,0.0,0.375,0.03011257228168643,1366.844970703125,0.00634765625,0.0067321122623980045,0.382568359375,0.0008930733014197996
111,,0.2348815859088561,0.24479897881981694,0.375,0.004617156622678647,0.0,0.375,0.03162063165425712,1328.110107421875,0.00390625,0.006827406585216522,0.3876953125,0.0011342312831865205
112,,0.20868908081514553,0.21184876536101147,0.5,0.004912208982100727,0.0,0.625,0.03085742170252534,1355.8828125,0.008056640625,0.00653796037659049,0.432373046875,0.0006058503975520832
113,,0.2390928199535074,0.2528225829485202,0.5,0.004129558460836769,0.0,0.5,0.031474910505534595,1404.105712890625,0.0029296875,0.006860864814370871,0.3828125,0.0008831340105857989
114,,0.24528551184697756,0.2448972697787272,0.5,0.004966534779178362,0.0,0.5,0.029499181031027916,1371.3583984375,0.0078125,0.006747142411768436,0.373291015625,0.0007745734821485581
115,,0.27555149857798905,0.29521022090022603,0.75,0.0032166295758107796,0.0,0.125,0.02944453821913151,1423.680419921875,0.0068359375,0.006954955868422985,0.401123046875,0.0003247720968249355
116,,0.31021028136171525,0.3145432340702997,0.5,0.0038702799268961153,0.0,0.25,0.02904320555399976,1369.2841796875,0.005126953125,0.0069099897518754005,0.3681640625,0.0004089252878123997
117,,0.2743197700039414,0.28159452444653216,0.375,0.003581910130071344,0.0,0.375,0.02909934605925038,1415.799560546875,0.0068359375,0.0070082820020616055,0.409423828125,0.000589282438901024
118,,0.25946949609413683,0.27620614549117484,0.625,0.0036065197569795826,0.0,0.25,0.027901879645965546,1363.6103515625,0.0068359375,0.00676822429522872,0.37548828125,0.00030802714450608445
119,,0.2526325768861933,0.2736465965340709,0.375,0.0036662812578909703,0.0,0.375,0.029183604661018762,1420.150146484375,0.0087890625,0.006797615438699722,0.417724609375,0.0006385637110423478
120,0.736,0.2870734766790083,0.29247688336057337,0.375,0.0036068534181638986,0.0,0.375,0.030069695057634793,1574.518798828125,0.014404296875,0.007576868403702974,0.354248046875,0.00040743919579780473
121,,0.2806766490042828,0.28073111871963013,0.75,0.002910364476118363,0.0,0.25,0.02710092908506042,1451.67333984375,0.012451171875,0.006833749357610941,0.409423828125,0.00027876027441542595
122,,0.28171660473437116,0.28716335825108114,0.375,0.003485779420236597,0.0,0.375,0.029122630349673204,1412.038818359375,0.006103515625,0.006837779190391302,0.390625,0.00046627346918053347
123,,0.3170816883658445,0.3213672746781557,0.125,0.003535288474157997,0.0,0.125,0.028832498391730035,1419.4794921875,0.01123046875,0.006630660034716129,0.351806640625,0.0004894561043715366
124,,0.31958162319024225,0.3249096824008132,0.125,0.0032153043213804934,0.0,0.125,0.03061930270289754,1500.048828125,0.012451171875,0.007038920186460018,0.389404296875,0.0003954965237515611
125,,0.262825913622327,0.2636581006549769,0.25,0.0032344502005998543,0.0,0.375,0.02776027190363161,1522.59228515625,0.0107421875,0.007051389664411545,0.342041015625,0.0003012137891588533
126,,0.2831333696731609,0.30807850631293443,0.375,0.0032303348722297594,0.0,0.375,0.03136974176859341,1508.159912109375,0.0078125,0.00729487556964159,0.3427734375,0.0002971443741283981
127,,0.28436887598943883,0.29584073009294715,0.25,0.0031922296361801793,0.0,0.25,0.027524077420201597,1454.879150390625,0.010498046875,0.0067606763914227486,0.423828125,0.00025271261930165167
128,,0.26073321884271394,0.27007242228345796,0.0,0.0033737500079815365,0.0,0.0,0.030812000533604042,1439.75927734375,0.01025390625,0.006945407018065453,0.421630859375,0.00042850605442171946
129,,0.29676826280197555,0.3092321568675136,0.375,0.0032350715931592586,0.0,0.375,0.029526546735445997,1513.856689453125,0.01220703125,0.006597068160772324,0.418701171875,0.00041394007588924287
130,0.72,0.27772389012642634,0.3233788975100295,0.625,0.0029727160824707622,0.0,0.125,0.030929050453010747,1528.761474609375,0.00830078125,0.006938551086932421,0.41845703125,0.0003176049343564469
131,,0.2995618039079363,0.3032660409915433,0.0,0.00325436818660835,0.0,0.0,0.029833614550374234,1410.56787109375,0.006103515625,0.006536900531500578,0.437744140625,0.00044140823703896274
132,,0.3277857658396152,0.35483375080525725,0.375,0.0030253312334994004,0.0,0.25,0.02866742540803205,1605.585205078125,0.017333984375,0.006803345400840044,0.42919921875,0.00034704820798760395
133,,0.29849464236850504,0.32334200838181026,0.125,0.0031608011201519205,0.0,0.25,0.03043668228492195,1557.7919921875,0.01025390625,0.006815288681536913,0.4560546875,0.000437483911055969
134,,0.3045178018448327,0.31332885225329987,0.5,0.0028797663792544505,0.0,0.375,0.02888284702360995,1614.257568359375,0.01513671875,0.006839517038315535,0.39013671875,0.00025656904104592605
135,,0.31595580310524285,0.31791188855232466,0.125,0.0028506594108350706,0.0,0.125,0.030985694773840416,1602.555419921875,0.018310546875,0.006625708192586899,0.48095703125,0.00030584594354486595
136,,0.26998120405887754,0.2891921008140843,0.375,0.0029161126863310382,0.0,0.375,0.03126779627608561,1608.2138671875,0.01953125,0.006716436706483364,0.445556640625,0.00037655137050094485
137,,0.2703152179685428,0.3079546146308534,0.375,0.0030703020959350165,0.0,0.125,0.027087754882945354,1503.281494140625,0.01318359375,0.006607126444578171,0.427978515625,0.00026664713592894915
138,,0.28726284228128884,0.30826708967700645,0.625,0.0028763888184260484,0.0,0.25,0.028620301301043156,1586.2138671875,0.01123046875,0.0065546827390789986,0.440185546875,0.00025174220582644064
139,,0.3062099459584789,0.3295410749944294,0.0,0.0031536283040634505,0.0,0.125,0.031211295316644558,1601.393798828125,0.015380859375,0.0066451081074774265,0.448486328125,0.0004548220584057168
140,0.706,0.27596292384150256,0.28072250626903167,0.375,0.003613555653502396,0.0,0.375,0.030877322532143557,1486.92041015625,0.010009765625,0.006912524346262217,0.366455078125,0.0004985576456104434
141,,0.2644654762058529,0.2734176991144502,0.125,0.003348808878801066,0.0,0.25,0.029861234461378276,1522.179931640625,0.0126953125,0.006651157978922129,0.427490234375,0.0005346826994967151
142,,0.32496275286637444,0.3418695327800065,0.125,0.0030812055668925135,0.0,0.125,0.030175148728737698,1402.15771484375,0.003173828125,0.00591425783932209,0.42822265625,0.0004208720820137858
143,,0.3133784239844145,0.3134672724038849,0.0,0.0031698875987660456,0.0,0.125,0.031165447384275055,1368.641357421875,0.00537109375,0.005685307551175356,0.462646484375,0.00034664156826440555
144,,0.2566593630658359,0.2653261808778817,0.25,0.003361310692386972,0.0,0.25,0.02935668512826018,1440.893798828125,0.008544921875,0.005782130174338818,0.41748046875,0.00043412327709861284
145,,0.3120193060017456,0.32613695831082745,0.375,0.00335540530735021,0.0,0.125,0.030406031578522057,1333.61572265625,0.00390625,0.005368596874177456,0.46044921875,0.00036144226990693086
146,,0.2852210870234292,0.2996865650745416,0.5,0.002951087944046734,0.0,0.25,0.03008052150195005,1471.905029296875,0.009765625,0.005779860075563192,0.417236328125,0.0003632916815968303
147,,0.28573764136078605,0.3017071775419037,0.375,0.003262901251591106,0.0,0.25,0.030874444331533794,1398.6435546875,0.010498046875,0.005912606604397297,0.4453125,0.00033555553247092767
148,,0.26422204613107747,0.2996243781964463,0.375,0.0034119541961932813,0.0,0.25,0.029363142281786207,1309.26953125,0.0048828125,0.005536386743187904,0.441650390625,0.0004732024776595876
149,,0.2926722627074229,0.30749796372388755,0.375,0.003407827096817259,0.0,0.25,0.0309813775124727,1452.06201171875,0.010498046875,0.005734769161790609,0.41259765625,0.00040121390794394885
150,0.728,0.26874137083029503,0.2988126149978406,0.5,0.00315910764293377,0.0,0.5,0.028967597264922658,1361.403564453125,0.010009765625,0.005363591015338898,0.453857421875,0.0004878963371814799
151,,0.27053879338101516,0.3431470524364495,0.75,0.0031898204025952986,0.0,0.125,0.031629768757264184,1322.4296875,0.008544921875,0.005451019387692213,0.442138671875,0.00039691723286979956
152,,0.22741551018091444,0.26048034927715724,0.5,0.003398436173614062,0.0,0.5,0.028582007361971952,1345.2880859375,0.006591796875,0.005536694545298815,0.417724609375,0.0005543301072946208
153,,0.31085885076721737,0.32242710811911096,0.625,0.0030674773404971,0.0,0.125,0.0295890785618107,1369.88916015625,0.0068359375,0.005286633502691984,0.4423828125,0.0003311446829159503
154,,0.2587519714545442,0.26599730873184846,0.625,0.0030431059189705983,0.0,0.375,0.030387982121494784,1423.344482421875,0.010986328125,0.005389115773141384,0.437744140625,0.0003969283235721951
155,,0.30802412341310714,0.30796312474940535,0.125,0.0030893179852975556,0.0,0.125,0.02981836724584331,1449.1240234375,0.009765625,0.0053263939917087555,0.4287109375,0.0005372328256443145
156,,0.3053915078634658,0.31085296856195865,0.125,0.0030435961028007765,0.0,0.25,0.029937059833944173,1410.03564453125,0.010986328125,0.0056466590613126755,0.41943359375,0.00034983812017020993
157,,0.28703874399980533,0.29718069209174086,0.375,0.0030695425342870315,0.0,0.25,0.03170845729511302,1452.841064453125,0.012451171875,0.005777742713689804,0.43896484375,0.0003962257555149166
158,,0.2935966007489762,0.3205409062230956,0.25,0.0032407669634066274,0.0,0.125,0.032688001673296954,1432.107666015625,0.0087890625,0.005329725332558155,0.4365234375,0.000467868255582952
159,,0.3397512095970898,0.34386129455428716,0.375,0.003177977696257399,0.0,0.125,0.03264898086772308,1344.471435546875,0.0087890625,0.0053857481107115746,0.465087890625,0.00035825300564384813
160,0.734,0.3252556554474534,0.3346252760353245,0.125,0.0032347961466230694,0.0,0.125,0.028303991793038566,1325.9853515625,0.01171875,0.005050443112850189,0.502197265625,0.0005618143620248423
161,,0.3251539213777229,0.32699442137462265,0.25,0.0030347087942514564,0.0,0.125,0.03073842259945095,1409.82763671875,0.006103515625,0.005123281851410866,0.435791015625,0.0003610805899681408
162,,0.34919783066849786,0.3578028674734257,0.0,0.002965794954343357,0.0,0.0,0.032563922210420634,1497.9853515625,0.01220703125,0.0054130274802446365,0.402099609375,0.00043808062358269826
163,,0.24083405643021685,0.2663967734158875,0.5,0.0031499395971205002,0.0,0.625,0.03055523296402421,1538.379150390625,0.016845703125,0.005455361679196358,0.451416015625,0.00041216964626177596
164,,0.2698114724977199,0.28574804633890794,0.5,0.0029103176780456838,0.0,0.25,0.02986135991233787,1469.0126953125,0.010498046875,0.0050332434475421906,0.41943359375,0.0005315951577325488
165,,0.2423105456535826,0.31151100088231737,0.75,0.0028600342646398647,0.0,0.375,0.032952444229724966,1400.023193359375,0.0087890625,0.005051777232438326,0.46435546875,0.00034121219520726645
166,,0.2595718868126915,0.2622419996507185,0.375,0.003377151377834102,0.0,0.375,0.032324382484507815,1461.4140625,0.014404296875,0.005381768569350243,0.432373046875,0.0004292642732262021
167,,0.2874278249767396,0.3005835001022509,0.125,0.003386533451652782,0.0,0.125,0.031680033413360814,1412.69970703125,0.005859375,0.005008064676076174,0.426513671875,0.0006557593870367697
168,,0.24604849688912703,0.251163878221356,0.25,0.0034254285068031146,0.0,0.125,0.03498875765521561,1419.909423828125,0.00439453125,0.0051561701111495495,0.39697265625,0.0004131944945480573
169,,0.2657547426863624,0.29495763063311076,0.5,0.0033383023420406064,0.0,0.5,0.4097112806943153,1372.90966796875,0.010986328125,0.0051303463988006115,0.423095703125,0.0005946079016208703
170,0.712,0.2777704680914852,0.29923310799191677,0.375,0.003433266602916641,0.0,0.375,0.03303491375818637,1299.88525390625,0.003173828125,0.004880405031144619,0.493896484375,0.0015530183953550087
171,,0.2960238796168782,0.309652116734761,0.375,0.0030996690320644763,0.0,0.375,0.031992887804956766,1405.9599609375,0.00439453125,0.004989896435290575,0.44287109375,0.0005022325882798754
172,,0.2872023267884485,0.3248240830109058,0.5,0.003069494581437136,0.0,0.25,0.030786343037061306,1479.552490234375,0.009033203125,0.005369007587432861,0.40283203125,0.000333671172040264
173,,0.2823846254053941,0.31602044726809597,0.375,0.0033276758623664825,0.0,0.25,0.030949728246493474,1443.515869140625,0.008544921875,0.005436383653432131,0.37744140625,0.00039570077532341807
174,,0.26761532315631986,0.28447653325726374,0.25,0.0032453624577196694,0.0,0.125,0.03225534851359296,1447.99853515625,0.0048828125,0.005262706894427538,0.372314453125,0.00046314036775773216
175,,0.29993325502486756,0.326579009113632,0.5,0.003138301561287616,0.0,0.25,0.03057082821047255,1385.1181640625,0.01025390625,0.005236285738646984,0.383056640625,0.000284106962660382
176,,0.26613200400190895,0.29885877774619446,0.0,0.003021245902041638,0.0,0.0,0.033529176453879234,1445.232421875,0.0078125,0.005157059989869595,0.421630859375,0.0003808853399931686
177,,0.32371817606234493,0.32888812265517,0.0,0.0032363957537825763,0.0,0.0,0.03322306324174443,1397.5771484375,0.0048828125,0.005010783672332764,0.34326171875,0.00038704827679019897
178,,0.26142459147491004,0.3049258269101255,0.625,0.0029326769714073764,0.0,0.25,0.026962389420598337,1403.846435546875,0.007080078125,0.005077174864709377,0.346923828125,0.00025446870081750867
179,,0.2917533691779724,0.3014767607189631,0.0,0.0031593099748752473,0.0,0.125,0.031169065372299742,1375.311767578125,0.007568359375,0.005068733356893063,0.415771484375,0.00039152882562462404
180,0.694,0.2667361109965676,0.28655327160760397,0.25,0.003212954831189204,0.0,0.375,0.03281373725576328,1476.650146484375,0.00439453125,0.0051016127690672874,0.4375,0.0005351650943500054
181,,0.3172297679515375,0.33982492565537137,0.375,0.0031121185478662472,0.0,0.25,0.03277652559932551,1408.6162109375,0.006591796875,0.0053748758509755135,0.406494140625,0.00034295075466692293
182,,0.2917945483732358,0.3136947979851793,0.625,0.002875704881635441,0.0,0.25,0.028119515500343396,1368.89599609375,0.00537109375,0.005034323316067457,0.413330078125,0.00020556616412974491
183,,0.2977388292697485,0.3175471415052817,0.5,0.003012702518810204,0.0,0.25,0.0319097843497038,1444.138916015625,0.005126953125,0.0051463693380355835,0.391845703125,0.00032741841248297627
184,,0.21293374346414115,0.23098599159211175,0.625,0.0029532389571827198,0.0,0.5,0.04169684137010733,1519.255126953125,0.008056640625,0.005310400854796171,0.3994140625,0.0002871085633014493
185,,0.2991017100922537,0.31807103077602383,0.5,0.0031953501977636696,0.0,0.25,0.0639743080920373,1424.1630859375,0.00634765625,0.005323811434209347,0.42578125,0.0004936472696305968
186,,0.2623439674200161,0.26760695541638474,0.5,0.003507311219166271,0.0,0.375,0.056191347627756585,1420.268310546875,0.008056640625,0.005089270416647196,0.39501953125,0.0006650666986764144
187,,0.2401750112536202,0.253097458607807,0.625,0.0033832311268424814,0.0,0.375,0.03282696702596545,1396.288818359375,0.004150390625,0.005294919945299625,0.40625,0.0004323899079192958
188,,0.20869094623663112,0.23506678619163496,0.5,0.0031201770329526385,0.0,0.5,0.04284558559606712,1625.629150390625,0.008544921875,0.005304625723510981,0.364501953125,0.00043477370293847463
189,,0.21102927937307886,0.2435619864485023,0.5,0.0035514022473131053,0.0,0.375,0.03223121834744237,1483.79541015625,0.00537109375,0.0054048653692007065,0.377685546875,0.0004418959237154259
190,0.668,0.27629173158529774,0.2851595820095105,0.5,0.0030705626784226676,0.0,0.125,0.031030016638505752,1494.13134765625,0.008544921875,0.005046991165727377,0.35107421875,0.00046768091717705067
191,,0.22819774674012538,0.25409317289072453,0.5,0.003356180092376808,0.0,0.375,0.03070468691437688,1411.37158203125,0.007080078125,0.005048308055847883,0.372802734375,0.00036871635375189713
192,,0.26816591640001286,0.2753381827935266,0.5,0.003226890607497782,0.0,0.5,0.0327463082880458,1511.82763671875,0.009033203125,0.005374000873416662,0.3681640625,0.0003924723340876737
193,,0.2593899552170597,0.26099482675826535,0.625,0.003201495697649172,0.0,0.375,0.03327137110542415,1435.453369140625,0.005615234375,0.005015379749238491,0.375,0.00039696449793509493
194,,0.2656030146553303,0.2701285858229612,0.5,0.0032423061152458883,0.0,0.375,0.033388326293788836,1492.19482421875,0.0107421875,0.004717925563454628,0.41162109375,0.0005359444648102377
195,,0.26089122750900184,0.26005937307965876,0.5,0.003518326211752296,0.0,0.375,0.032799311731088944,1479.896728515625,0.008056640625,0.005180730018764734,0.37939453125,0.0004971804241107643
196,,0.2480990911022557,0.2720981395362105,0.5,0.0035937011389976263,0.0,0.375,0.031242369982940152,1399.38623046875,0.00537109375,0.0049457848072052,0.388671875,0.0006334690954249985
197,,0.2682927326907204,0.2871967353030997,0.5,0.0036536993009102297,0.0,0.25,0.031402201122990636,1416.674072265625,0.0029296875,0.005105002783238888,0.41845703125,0.0005165470333873207
198,,0.25097353546245066,0.2722221386700975,0.375,0.003445583623992149,0.0,0.375,0.031095451623779396,1482.017822265625,0.010498046875,0.004851704929023981,0.40625,0.0005944044049603994
199,,0.24486870432629038,0.2783140875819422,0.375,0.003220090651904029,0.0,0.375,0.03240964807204079,1580.8134765625,0.010009765625,0.0054319193586707115,0.36376953125,0.0004348338769096708
200,0.68,0.2851518275694601,0.2897368295120796,0.375,0.0029322326061167006,0.0,0.25,0.03514961855886459,1612.4013671875,0.016845703125,0.005305707920342684,0.387451171875,0.00036702150585789597
