step,eval,ess,ess_shaped,clipped,frac_upper,skipped,trip,grad_norm,length,length_clip,entropy,reward,ppo_kl
0,0.10416666666666667,,,,,,,,,,,,
1,,0.22961494811077565,0.22954961184267586,0.625,0.007780983892022383,0.0,0.5,0.3198653602394924,1215.031494140625,0.01416015625,0.7167762517929077,0.166259765625,8.462679532783568e-05
2,,0.23986735795644437,0.2398578476752738,0.5,0.007666121962601307,0.0,0.375,0.29389313752028834,1188.928466796875,0.0107421875,0.6349495053291321,0.196044921875,0.0001097270130354211
3,,0.20790261863557732,0.20805953382081355,0.5,0.006253493748908525,0.0,0.25,0.2582770421855567,1226.070556640625,0.0126953125,0.5057876706123352,0.224365234375,3.142220128167598e-05
4,,0.20680262439090524,0.20679946181000788,0.5,0.006321523917929306,0.0,0.375,0.26153248171592924,1317.656005859375,0.015869140625,0.48029619455337524,0.203125,8.0533615540245e-05
5,,0.23709896425491409,0.23755186371220832,0.625,0.005125116259607067,0.0,0.375,0.19875172435062,1290.394775390625,0.01123046875,0.35641175508499146,0.270263671875,3.945736690731849e-05
6,,0.2560458130838573,0.2560454394927164,0.5,0.004668964435546985,0.0,0.375,0.18435819550062366,1269.16845703125,0.013916015625,0.3183306157588959,0.262939453125,2.2394831280178257e-05
7,,0.28265942027411206,0.2826335313307557,0.5,0.004485499048511749,0.0,0.25,0.21958106307327913,1246.814453125,0.011474609375,0.2829900085926056,0.278564453125,2.184334721088514e-05
8,,0.3569241048448718,0.3569726164553667,0.5,0.004097079820866388,0.0,0.25,0.15686856598736781,1166.924072265625,0.006591796875,0.24462322890758514,0.3154296875,2.7100840400084648e-05
9,,0.29946507504783193,0.2994646261348829,0.5,0.0039002950551037608,0.0,0.25,0.15295270396442318,1268.63720703125,0.00927734375,0.229853093624115,0.3369140625,3.206984664895588e-05
10,0.15416666666666667,0.2955401360097857,0.29601744057574586,0.5,0.0037331676099178466,0.0,0.25,0.14942800418625432,1328.099609375,0.014892578125,0.22399815917015076,0.3095703125,-9.581841806439756e-06
11,,0.3265213459739252,0.32652093426388074,0.5,0.003636976246610508,0.0,0.25,0.16066172590637895,1290.921142578125,0.00927734375,0.20724953711032867,0.331787109375,1.939264875013465e-05
12,,0.375215048681775,0.37521460551177654,0.5,0.003679570152332128,0.0,0.25,0.15268100748966024,1218.594970703125,0.01171875,0.1986188292503357,0.328125,2.1898554439421975e-05
13,,0.33452662529689425,0.3345195038903093,0.5,0.0037318616698794613,0.0,0.25,0.15708676319059256,1263.768798828125,0.01171875,0.2028258889913559,0.34423828125,5.044095481216242e-05
14,,0.3224438436568511,0.3224431137843321,0.5,0.0035184019423801704,0.0,0.375,0.13796537534855433,1247.108642578125,0.011474609375,0.19097699224948883,0.358642578125,2.394807280860315e-05
15,,0.3654771536607828,0.36546862428011984,0.5,0.0034712201982948694,0.0,0.125,0.13472439726934363,1324.0390625,0.018798828125,0.17724749445915222,0.35205078125,1.2890513151940188e-05
16,,0.3660447735141153,0.36601440040867783,0.5,0.003411303842383127,0.0,0.25,0.1399257738473169,1409.110595703125,0.016845703125,0.16095390915870667,0.363037109375,4.699635695774399e-05
17,,0.32693042308028,0.3272571782993028,0.5,0.0033850116252125296,0.0,0.25,0.12922511535172712,1495.7529296875,0.02783203125,0.16512545943260193,0.35009765625,3.109891090649815e-05
18,,0.24082137825137928,0.24081832221118493,0.625,0.003752243080924549,0.0,0.375,0.12886905932149975,1637.349365234375,0.03515625,0.1796913594007492,0.3330078125,2.911810206419031e-05
19,,0.31940289923174736,0.31940188240651113,0.5,0.0033859843947767745,0.0,0.25,0.13500735951263654,1846.65234375,0.048583984375,0.15897631645202637,0.3837890625,2.8952610125475617e-05
20,0.225,0.2709992219652581,0.2709196140975384,0.625,0.0034686229338438067,0.0,0.25,0.12519903178349573,2116.30419921875,0.06103515625,0.14798542857170105,0.420654296875,9.781712959356555e-05
21,,0.29178491163648473,0.2917056969981602,0.5,0.003380333737359362,0.0,0.125,0.1166348949041231,2552.36767578125,0.089599609375,0.1403290033340454,0.386962890625,0.00010774998369884345
22,,0.24564048054045,0.24563257104348235,0.625,0.0032415802668077087,0.0,0.375,0.11987067660053488,2583.179931640625,0.086181640625,0.13216379284858704,0.436279296875,6.531783711824398e-05
23,,0.21157076433105454,0.21155630353357774,0.5,0.003405859523836553,0.0,0.375,0.10407728910280128,2985.80322265625,0.123046875,0.13474959135055542,0.406982421875,3.401129328432402e-05
24,,0.20600254226873224,0.20594407869084141,0.75,0.003234510853069808,0.0,0.625,0.0912076285363342,3314.95654296875,0.145751953125,0.1317594349384308,0.428466796875,3.234496865344095e-05
25,,0.21958095622170842,0.21948233746175394,0.5,0.003179753890523922,0.0,0.375,0.09683973897670822,3186.181640625,0.1396484375,0.134353369474411,0.46630859375,4.014446575908642e-05
26,,0.15578237509636927,0.1560075596914428,0.625,0.003139283651788112,0.0,0.625,0.08687828485565134,3426.20556640625,0.157958984375,0.12422441691160202,0.474609375,1.7461437987475004e-05
27,,0.15411380954232257,0.15411345402458254,0.625,0.003241883478422372,0.0,0.5,0.08954014401190628,3705.182373046875,0.171875,0.12443666160106659,0.45751953125,4.9584554110345103e-05
28,,0.125211230981782,0.1251214222043776,0.75,0.003354076927068081,0.0,0.625,0.09004514929787027,3812.609130859375,0.176025390625,0.13422738015651703,0.4375,1.863016401591256e-05
29,,0.1410893760464385,0.1410821546831729,0.75,0.0033689460869072534,0.0,0.75,0.08199192352443554,3836.080810546875,0.18017578125,0.12783806025981903,0.4609375,1.6362626920494146e-05
30,0.25,0.11015286627839652,0.11013924056956308,0.625,0.003357601541864765,0.0,0.5,0.08149066221964989,4027.380126953125,0.194091796875,0.1276823729276657,0.458984375,6.109953258857247e-06
31,,0.1737550176610478,0.1736693115463051,0.625,0.0033569838103880588,0.0,0.5,0.07708647799047993,3947.96337890625,0.16845703125,0.12454968690872192,0.466552734375,1.280874370672564e-05
32,,0.16719750509444714,0.16717126602453697,0.625,0.003253508860880338,0.0,0.5,0.08245574346674027,3897.018798828125,0.172607421875,0.12374508380889893,0.46728515625,1.565705618739041e-05
33,,0.15946532976769517,0.15941987653498668,0.75,0.0033677065306688845,0.0,0.625,0.07249987590178375,4052.73291015625,0.19677734375,0.1232064738869667,0.4775390625,-2.2525095192725696e-08
34,,0.1597382466192009,0.15972798970238333,0.75,0.0035620344892119504,0.0,0.75,0.08521168328302914,4031.60498046875,0.177490234375,0.13571859896183014,0.455078125,1.7801315242746048e-06
35,,0.16702493227360732,0.16736251084320447,0.625,0.0035642818907454495,0.0,0.5,0.10167325863319265,3842.621826171875,0.16650390625,0.13023540377616882,0.491943359375,8.868827227732158e-06
36,,0.12342305010715456,0.12340631730417503,0.75,0.003452393798205829,0.0,0.625,0.07537769797015581,4065.459228515625,0.184326171875,0.1251317858695984,0.502685546875,-5.472432821415042e-07
37,,0.12522651839647678,0.12518409429887184,0.625,0.003461941215545973,0.0,0.5,0.07963732843550245,3880.20263671875,0.166748046875,0.13079440593719482,0.49853515625,7.922094323111831e-07
38,,0.13478044813570317,0.13476089948728914,0.75,0.003468414092039941,0.0,0.75,0.07683168213846672,3955.0888671875,0.16357421875,0.1275542676448822,0.5009765625,1.18801325306934e-05
39,,0.09004321149741626,0.0900333431050249,0.75,0.003907245350014464,0.0,0.875,0.07731457816410683,4090.69091796875,0.1669921875,0.14418929815292358,0.430419921875,1.629364054045566e-05
40,0.27291666666666664,0.1497048731462257,0.15002831973857156,0.75,0.003574674655876438,0.0,0.625,0.07402623677831169,4135.162109375,0.1787109375,0.13211634755134583,0.490234375,1.4884966025942785e-05
41,,0.15881569648376717,0.15881533176746518,0.75,0.003928720266873124,0.0,0.625,0.07914970529167148,3923.70849609375,0.158203125,0.14142310619354248,0.51025390625,7.623988847727183e-06
42,,0.1393400847951079,0.13933174101149848,0.625,0.0037781268621712915,0.0,0.5,0.07785180298800343,3945.15673828125,0.161865234375,0.1393393576145172,0.527099609375,-7.840882482932153e-07
43,,0.11991425331617067,0.11991106667006718,0.75,0.004152285497644785,0.0,0.75,0.07991235330575364,3936.377685546875,0.1474609375,0.15145787596702576,0.4921875,2.3292250216861435e-05
44,,0.09883167590515396,0.09882927393827662,0.75,0.0039967570598230685,0.0,0.75,0.07516732777712583,4092.901611328125,0.164794921875,0.14563100039958954,0.475341796875,1.073932347907971e-05
45,,0.14815645675012926,0.14811051590262703,0.75,0.003922968815143687,0.0,0.625,0.07420534524072414,3998.620849609375,0.162353515625,0.14433518052101135,0.49658203125,1.1059853534098592e-05
46,,0.10237462668237458,0.10229168236982841,0.75,0.0041598709485684985,0.0,0.75,0.08289022129537857,3931.93505859375,0.14404296875,0.15075375139713287,0.513427734375,1.8546530884844967e-05
47,,0.05651522751970032,0.056513948387796935,0.75,0.004309356683099187,0.0,0.75,0.0804924903883919,4072.8193359375,0.15966796875,0.15345528721809387,0.469970703125,1.6820012647392365e-05
48,,0.11495136128826014,0.11495091326588604,0.75,0.0044653133918423436,0.0,0.75,0.0764613724737746,4121.8876953125,0.15283203125,0.16366684436798096,0.478271484375,1.573902809434344e-05
49,,0.1016833805068675,0.1016780249181871,0.75,0.004541539128772701,0.0,0.875,0.11612759278966656,4119.12890625,0.16259765625,0.1636233925819397,0.485107421875,2.41011127585025e-05
50,0.26666666666666666,0.05815136693346973,0.05954418094385681,0.75,0.004619979039926234,0.0,0.75,0.07703457219396817,4098.357421875,0.159423828125,0.16332095861434937,0.488037109375,1.836460265257494e-05
51,,0.08021133373278982,0.08020819290421446,0.75,0.004344253994523196,0.0,0.75,0.07719748294017706,4018.44384765625,0.147216796875,0.15966561436653137,0.526123046875,2.542213356929814e-07
52,,0.06992680567040277,0.06990884657984886,0.75,0.004523726956297616,0.0,0.75,0.07601019356823766,4173.8291015625,0.150634765625,0.1743995100259781,0.487548828125,7.942210985681941e-06
53,,0.12167294347657157,0.12166069183023892,0.75,0.004547403347819581,0.0,0.625,0.07500262188946595,4163.2001953125,0.153564453125,0.1687246859073639,0.496826171875,1.9947668281092035e-05
54,,0.10264021152239022,0.10263974463095105,0.75,0.004616184571103639,0.0,0.75,0.07891613566198623,4084.438720703125,0.1611328125,0.17477025091648102,0.52783203125,1.181343445607611e-05
55,,0.10895374636442569,0.10880102986713028,0.75,0.004618328563483282,0.0,0.75,0.07407755481428509,4063.046630859375,0.13623046875,0.1712535172700882,0.56787109375,-5.50610363488414e-06
56,,0.08382663434111852,0.08374410916231936,0.625,0.004644385978364735,0.0,0.5,0.07635611733739145,4091.328125,0.1484375,0.17439761757850647,0.536865234375,8.02140775968859e-06
57,,0.06406382369936539,0.06405382510163782,0.625,0.004693158284917245,0.0,0.625,0.07364280868967579,4194.81396484375,0.14013671875,0.1819303333759308,0.529541015625,1.129886063631674e-05
58,,0.07614016523637465,0.0761374372049939,0.75,0.005076564816393812,0.0,0.75,0.07337282009844305,4328.9111328125,0.1533203125,0.19082194566726685,0.501220703125,2.761213993636903e-05
59,,0.07508417435372045,0.07504138054564406,0.625,0.005032552264754629,0.0,0.625,0.08154267839408372,3975.139892578125,0.117431640625,0.19067992269992828,0.54638671875,2.5025120797758262e-05
60,0.2708333333333333,0.09484574931109288,0.09516545240233161,0.75,0.004892818944888022,0.0,0.75,0.07606946589380759,4160.8056640625,0.143310546875,0.19109371304512024,0.54296875,1.1441610433884831e-05
61,,0.05855368912088921,0.05855332197098914,0.75,0.005152819164063507,0.0,0.75,0.07374069521205942,4062.232177734375,0.1279296875,0.19742317497730255,0.542724609375,1.3105373925667081e-05
62,,0.06210171531657542,0.062139975858952576,0.75,0.005355981930604812,0.0,0.875,0.07550209444200526,4203.79296875,0.133544921875,0.21124190092086792,0.500244140625,2.4124924182493393e-05
63,,0.06744280238856194,0.0674409807268844,0.75,0.005372424965200795,0.0,0.625,0.07303471953782774,3970.380126953125,0.109619140625,0.20751217007637024,0.5498046875,7.132414187532981e-06
64,,0.039677907660555324,0.0396691381245211,0.875,0.005651145490228278,0.0,1.0,0.07975595570293886,4200.31640625,0.123046875,0.21801923215389252,0.512939453125,1.7076743578071783e-05
65,,0.03902295551151238,0.039010236463327005,0.75,0.005864679476840938,0.0,0.875,0.08039881387178323,4246.02685546875,0.120361328125,0.2326754629611969,0.4853515625,1.2531927688002503e-05
66,,0.04361261551309787,0.04361151178106398,0.75,0.005611526731924383,0.0,0.875,0.0830916330151081,4035.252197265625,0.108154296875,0.22412799298763275,0.554443359375,1.0475850113083898e-05
67,,0.06093701748387981,0.06114529744749683,0.75,0.005609410498825984,0.0,0.75,0.07686450762314619,4309.986328125,0.1337890625,0.2249145358800888,0.503662109375,1.5387696585556374e-05
68,,0.0584614328197703,0.05845854702751849,0.875,0.005896015829983692,0.0,0.875,0.08333741255625493,4282.4267578125,0.145263671875,0.23272818326950073,0.509033203125,1.7863356200349518e-05
69,,0.02016950708159603,0.020160519179129713,0.875,0.005980321379749968,0.0,1.0,0.07470701102574173,4616.7626953125,0.15771484375,0.24439707398414612,0.494140625,1.7678974718501664e-06
70,0.28125,0.08551126501284141,0.08550869498776943,0.75,0.006108996035044032,0.0,0.875,0.07958541382661191,4352.158203125,0.13232421875,0.26057344675064087,0.56201171875,1.3435353314051968e-05
71,,0.05988601099697692,0.05989212024370366,0.75,0.00630439276293577,0.0,0.875,0.07817134820990063,4358.49609375,0.14208984375,0.25949206948280334,0.53466796875,3.8655994789497944e-05
72,,0.04842780937331999,0.04842574088611927,0.75,0.006170814656293332,0.0,0.75,0.0753452742952288,4657.02734375,0.168701171875,0.26039668917655945,0.523193359375,3.119820350928463e-05
73,,0.06471689604749235,0.06469893745358012,0.75,0.006033531884119684,0.0,0.875,0.08052481252737002,4492.279296875,0.15625,0.2783742845058441,0.5263671875,3.0413180822603908e-05
74,,0.044950719081859124,0.04493952465593448,0.75,0.006460317876363864,0.0,0.75,0.07936773574936158,4360.775390625,0.135498046875,0.3098955452442169,0.542724609375,3.0212615855617467e-05
75,,0.03188419225159521,0.031881770589419565,0.75,0.006968446083555659,0.0,0.875,0.08747439301434445,4496.76806640625,0.133056640625,0.3803219199180603,0.504150390625,2.1212245745129046e-05
76,,0.038011968507505225,0.03801167859979818,0.875,0.006560528850049958,0.0,1.0,0.0942037312146081,4370.5869140625,0.12744140625,0.3366757333278656,0.54638671875,3.156530593919473e-05
77,,0.07888409026365555,0.0790514454267633,0.75,0.006844356035276571,0.0,0.75,0.08755476142317396,4433.8623046875,0.125244140625,0.3841041028499603,0.4658203125,2.6916526815677868e-05
78,,0.058030074099653814,0.05802910576162522,0.75,0.0066754797156387035,0.0,0.75,0.09059347978154525,3989.9501953125,0.090576171875,0.3772733807563782,0.558349609375,3.3589712566374524e-05
79,,0.031216326094903806,0.03117422847376025,0.875,0.00695498265157745,0.0,0.875,0.08440038931059242,4191.9677734375,0.103759765625,0.4206884503364563,0.518310546875,3.81119815491698e-05
80,0.2833333333333333,0.028374620099001317,0.028348974472805773,0.875,0.007544602269540903,0.0,1.0,0.09795962996674172,4223.26171875,0.096435546875,0.4914788007736206,0.504150390625,5.5592716618004174e-05
81,,0.04863017427376164,0.04862901606097213,0.75,0.006824485872041855,0.0,0.75,0.10170362786892427,3867.3291015625,0.082763671875,0.48950302600860596,0.556640625,2.6559813247427924e-05
82,,0.03361280346267959,0.03361088124971373,0.75,0.007217649286074325,0.0,0.875,0.09458491224986007,3976.267822265625,0.078125,0.5364600419998169,0.4951171875,5.1948144262660965e-05
83,,0.03011868442124078,0.030071977814738842,0.875,0.00701049501972849,0.0,1.0,0.09983513315472017,3971.35400390625,0.0791015625,0.5006158947944641,0.535400390625,2.190459551249132e-05
84,,0.03406406768891395,0.034053156301092194,0.875,0.007035285030074775,0.0,1.0,0.0977221052262463,3846.046875,0.076171875,0.5406404733657837,0.52392578125,-9.512215729630403e-06
85,,0.04139582325928373,0.041382774704841564,0.75,0.006988338588491351,0.0,0.875,0.10537912836266132,3979.7314453125,0.0791015625,0.5250554084777832,0.475830078125,1.8014601852053977e-05
86,,0.04270540957698954,0.043747754061033116,0.75,0.007182058860552054,0.0,0.875,0.0948387327927516,4081.084228515625,0.089599609375,0.5752150416374207,0.483154296875,1.7551646438677746e-06
87,,0.03208225442701376,0.03208208427417221,0.875,0.006937864985884797,0.0,0.875,0.09637597440034998,3966.38134765625,0.08447265625,0.5241451859474182,0.527099609375,3.497561300486267e-05
88,,0.024863225933470845,0.024863071631093636,0.75,0.0074035945130816105,0.0,0.875,0.10036633587435381,4229.0673828125,0.101806640625,0.6273061633110046,0.44873046875,4.9379971061355854e-05
89,,0.03930454096515498,0.039304344642046685,0.75,0.007257753769994031,0.0,0.875,0.10507489188655053,3965.543701171875,0.08740234375,0.596820056438446,0.5107421875,1.1403812637409983e-05
90,0.29791666666666666,0.03161493446254662,0.03161360700226361,0.875,0.007166486544038889,0.0,1.0,0.09926708085579761,4059.388916015625,0.0888671875,0.6189602613449097,0.497314453125,4.159941890778431e-05
91,,0.05171360393492849,0.05171117839593711,0.75,0.007203131997636374,0.0,0.75,0.10279970282562742,4042.630615234375,0.08642578125,0.6351958513259888,0.50390625,4.301879126336788e-06
92,,0.073457638283561,0.07345323730199128,0.75,0.006958726077467153,0.0,0.75,0.10649227714097541,3909.697265625,0.080322265625,0.5468544363975525,0.528564453125,1.5101589175088118e-05
93,,0.05410886932930349,0.05406061894158389,0.75,0.007422306774258231,0.0,0.875,0.1048189153086414,3891.536376953125,0.079833984375,0.6188386082649231,0.498779296875,2.961916841531231e-05
94,,0.02983703184202215,0.02976123984131704,0.875,0.00701071529922292,0.0,1.0,0.10236108381021056,4090.567626953125,0.0927734375,0.5691099762916565,0.515869140625,5.734606192364847e-06
95,,0.06814310446063017,0.06814249552706154,0.75,0.006978911581463767,0.0,0.875,0.10873658291772785,3845.02978515625,0.081298828125,0.6060038805007935,0.52099609375,3.948799970362529e-05
96,,0.027992265227097815,0.02798852310475369,0.875,0.007482184734674461,0.0,1.0,0.10793801074939363,4054.364013671875,0.1044921875,0.6631535291671753,0.492431640625,5.800364571933405e-05
97,,0.020179079218182364,0.020177105188932537,0.875,0.007482211217851579,0.0,1.0,0.10621842462412956,3972.535400390625,0.101318359375,0.6374081373214722,0.4970703125,2.9112919650948827e-05
98,,0.0280397036433431,0.027815993017574165,0.875,0.007551205698730037,0.0,1.0,0.1070696468295245,3825.657958984375,0.085693359375,0.6897690296173096,0.52490234375,5.325126127982989e-05
99,,0.026659177484979354,0.02665815952085178,0.875,0.00732409986507635,0.0,1.0,0.1027922026546103,3967.233642578125,0.099853515625,0.6223397850990295,0.538818359375,2.612835718123003e-05
100,0.2916666666666667,0.022250495939426112,0.022250064768250574,0.875,0.00725909776634792,0.0,1.0,0.11419851009822195,4018.251220703125,0.1044921875,0.6884193420410156,0.4990234375,2.5768693161841972e-05
101,,0.03283011939873777,0.03282645614758141,0.75,0.0072715852531493545,0.0,0.875,0.11623799941867449,3946.741943359375,0.101806640625,0.7034841179847717,0.533935546875,3.4715366005499585e-05
102,,0.02677917559177798,0.026860178780587288,0.875,0.007316657061967334,0.0,1.0,0.10020849535820682,3800.282958984375,0.0908203125,0.6976377964019775,0.515869140625,2.8060312751177284e-05
103,,0.030985686316956036,0.030985577220323388,0.75,0.007427138904018098,0.0,0.875,0.10243472773507833,3829.36376953125,0.098876953125,0.7012260556221008,0.50048828125,3.641349725187386e-05
104,,0.030474005582829318,0.03047281417423892,0.75,0.007439543219157568,0.0,0.875,0.11372249846009434,3942.241455078125,0.115478515625,0.7794252038002014,0.497314453125,2.1166676630798642e-05
105,,0.03047970741802896,0.030476586060828797,0.75,0.007024303058678216,0.0,0.875,0.10154124083381968,3945.11865234375,0.115478515625,0.6702595949172974,0.49853515625,-1.6049953933940912e-06
106,,0.03027251060056405,0.03027238905206252,0.75,0.007450667124514419,0.0,0.875,0.11003270050660964,3931.4580078125,0.11572265625,0.6973890662193298,0.53564453125,4.1852791814558696e-05
107,,0.04946522950644086,0.04946406503133852,0.75,0.007150381546265383,0.0,0.875,0.10368551612383156,4055.46923828125,0.126708984375,0.7579799890518188,0.483642578125,5.599172603628701e-05
108,,0.01135884361195907,0.011351786897902314,0.875,0.007969343806318408,0.0,1.0,0.11299550290112934,4424.6728515625,0.18505859375,0.8298237919807434,0.455322265625,3.363455746871833e-05
109,,0.044658916784390074,0.044658532387314195,0.75,0.0076719513143966005,0.0,0.875,0.11008932474345183,4371.9365234375,0.180419921875,0.8585952520370483,0.44189453125,6.229296638201374e-05
110,0.3,0.0341651803544224,0.034160315927621365,0.75,0.007434812840154816,0.0,0.875,0.1101909026440083,4254.015625,0.166748046875,0.7687413692474365,0.476318359375,5.44394973455784e-05
111,,0.03964494245116975,0.039643775992960456,0.75,0.0070301218130923975,0.0,0.875,0.11111403458473894,4275.5986328125,0.182373046875,0.8216742873191833,0.498779296875,4.774027647507851e-05
112,,0.021078694614784118,0.0210210215281074,0.875,0.007416098017022617,0.0,1.0,0.10317007517448276,4352.2939453125,0.204345703125,0.8250862956047058,0.50634765625,7.313647163137332e-05
113,,0.041278109742644585,0.041277797430669276,0.875,0.006937596575546678,0.0,0.875,0.10640283357001686,4499.6025390625,0.22802734375,0.8912655711174011,0.4921875,3.3003841152462694e-05
114,,0.04584556472275667,0.045839893869197346,0.75,0.0072850706368069295,0.0,0.875,0.10623536556884983,4397.4677734375,0.2353515625,0.8476441502571106,0.50341796875,3.6658066886493537e-05
115,,0.08085218878184983,0.08081296812250836,0.75,0.007250432410113149,0.0,0.75,0.10472446130305099,4576.7138671875,0.266845703125,0.9028477668762207,0.49853515625,4.019201326348315e-05
116,,0.04119705883944637,0.04119679670459131,0.75,0.00748694776913475,0.0,0.875,0.10353922314607986,4700.55908203125,0.270263671875,0.9220773577690125,0.47509765625,4.7376277245909446e-05
117,,0.05296333487546524,0.05296309135573653,0.75,0.00761474230163595,0.0,0.75,0.10310407922895018,4500.5390625,0.26171875,0.8598856925964355,0.504150390625,9.65542893108474e-06
118,,0.035912088304859036,0.03591009690455659,0.75,0.007697931724656438,0.0,0.875,0.10996421333569878,4426.7607421875,0.242431640625,0.845151424407959,0.511474609375,6.286375923855263e-05
119,,0.03195809520304509,0.03195792669829991,0.75,0.00704567357448744,0.0,0.75,0.10606108385316022,4472.2158203125,0.25537109375,0.8569578528404236,0.52001953125,3.275242184854542e-05
120,0.28541666666666665,0.020908331715604196,0.02090829257961087,0.875,0.007095831924854675,0.0,1.0,0.10382754664656571,4693.595703125,0.28125,0.901332437992096,0.4228515625,5.831923033076703e-05
121,,0.02045107345827353,0.020449737622325045,0.875,0.007298953015965679,0.0,1.0,0.10297920009630677,4425.0908203125,0.251220703125,0.8593501448631287,0.49609375,3.7786315802843816e-05
122,,0.041931502160925456,0.04193132612929312,0.875,0.007386223890601417,0.0,0.875,0.11354072269626231,4515.82763671875,0.26416015625,0.9126440286636353,0.482177734375,4.31900825214484e-05
123,,0.02644326217315743,0.02644110442773713,0.875,0.007036568828348858,0.0,1.0,0.10821537175942073,4532.3212890625,0.263916015625,0.9086925983428955,0.466064453125,2.928642444104263e-05
124,,0.013911553642978407,0.013911164492210071,0.875,0.00710834813881151,0.0,1.0,0.11226956419069163,4655.720703125,0.27783203125,0.9755652546882629,0.474609375,6.0131883140957896e-05
125,,0.017326899532139672,0.017326712535860184,0.875,0.00720433467171085,0.0,1.0,0.10496945285432044,4785.8408203125,0.304443359375,0.9619827270507812,0.466552734375,8.588133219235751e-05
126,,0.040093745431606945,0.04009284889644907,0.75,0.008163834941921952,0.0,0.875,0.10402843121831398,4976.953125,0.3447265625,1.0724787712097168,0.448974609375,0.00010476753958705842
127,,0.06033497350488792,0.06028097221293935,0.75,0.007253190480232865,0.0,0.75,0.10450738061898884,4418.44775390625,0.25732421875,0.8794379234313965,0.507080078125,6.435045131688082e-05
128,,0.050407269417724665,0.050407101318703254,0.75,0.0071181225388956566,0.0,0.75,0.10878798421083126,4447.9658203125,0.267822265625,0.9126988053321838,0.504150390625,4.29741831094588e-05
129,,0.03505736726253243,0.03505662644722644,0.875,0.0070533068265887814,0.0,0.875,0.10818321969613306,4286.9052734375,0.2255859375,0.8143460750579834,0.494384765625,4.0422069012467975e-05
130,0.28958333333333336,0.05299710110752684,0.05299675756059964,0.75,0.007355046209691346,0.0,0.75,0.11032776522896288,4344.9365234375,0.26123046875,0.9092121720314026,0.526123046875,4.123016406478158e-05
131,,0.06743915868202806,0.06743800952803736,0.75,0.00760658050542522,0.0,0.75,0.10331311964163425,4241.41796875,0.243408203125,0.8907048106193542,0.538818359375,6.313682070541503e-05
132,,0.05445925565652448,0.05464748233350394,0.75,0.007365392888301887,0.0,0.875,0.10475988693159302,4399.0009765625,0.271728515625,0.8917450308799744,0.51123046875,6.940312253714777e-05
133,,0.07419041649117761,0.0741551816866694,0.75,0.006983348410664834,0.0,0.75,0.10387343394876661,4377.3623046875,0.278076171875,0.9095345139503479,0.54833984375,2.9369417576973545e-05
134,,0.04851180550945859,0.04850636902383415,0.75,0.00699417512579485,0.0,0.75,0.10234494113067402,4594.021484375,0.28515625,0.888598620891571,0.51025390625,2.8633589441830616e-05
135,,0.09797909996562859,0.09797841317936395,0.75,0.006664038605949333,0.0,0.75,0.11045882851204787,4394.46484375,0.26708984375,0.8824477195739746,0.54248046875,7.364886167087614e-05
136,,0.03294554248455138,0.03290514874391584,0.875,0.007169304730200788,0.0,0.875,0.11636415680958623,4520.6376953125,0.301513671875,0.9881351590156555,0.520263671875,5.978977179914833e-05
137,,0.017688183796884076,0.017688075839419774,0.875,0.007390737672195261,0.0,1.0,0.1097716732777069,4515.69677734375,0.31396484375,1.0329465866088867,0.4814453125,6.778124519446176e-05
138,,0.021008993484863618,0.021007427879517745,0.875,0.007215997070651334,0.0,1.0,0.10837743236858352,4748.451171875,0.34521484375,1.0729972124099731,0.509765625,6.174710109239627e-05
139,,0.05773495199905762,0.057734747231409214,0.75,0.006865539931661718,0.0,0.875,0.10008132652845919,4634.6455078125,0.320556640625,0.9876301884651184,0.50146484375,5.265581422547482e-05
140,0.275,0.015636913254521993,0.015630993942453802,0.875,0.007294719908461297,0.0,1.0,0.10938047317606181,5051.36865234375,0.389892578125,1.1122894287109375,0.4140625,0.00011201848760774354
141,,0.031262764124579644,0.031237474376089164,0.875,0.006774437765047747,0.0,0.875,0.10762495347011414,4783.431640625,0.352783203125,1.058461308479309,0.466064453125,8.095877075758202e-05
142,,0.03743400965191676,0.03743250471708043,0.875,0.006304844367393566,0.0,0.875,0.10357790718763692,4688.59814453125,0.339599609375,0.9337028861045837,0.5126953125,7.183150153417801e-05
143,,0.015570233765571512,0.015562220778992603,0.875,0.006307173129307014,0.0,1.0,0.1012581710137022,4473.080078125,0.328857421875,0.9109720587730408,0.551513671875,6.744505950425814e-05
144,,0.04207884237012299,0.04205463002838409,0.75,0.006393162083532576,0.0,0.875,0.10474219599330856,4805.3955078125,0.365234375,0.9480531811714172,0.481689453125,7.854269690890836e-05
145,,0.03343157410287083,0.033431411281796955,0.875,0.006910658298296042,0.0,0.875,0.10929177139122091,4570.70654296875,0.34619140625,0.8504213690757751,0.5126953125,8.415953293048454e-05
146,,0.019590747356533718,0.019590634350972233,0.875,0.0065452456539625775,0.0,1.0,0.10876842313714061,4910.1005859375,0.394775390625,0.8803644180297852,0.476806640625,7.954854835158715e-05
147,,0.02509884152615345,0.02506418520756278,0.875,0.006467364599100305,0.0,0.875,0.10817630296596709,4810.4814453125,0.377197265625,0.9095924496650696,0.47802734375,0.00011680510223418996
148,,0.057328394088983166,0.05732807785015424,0.75,0.005667472718037145,0.0,0.875,0.09641541255439123,4390.6708984375,0.341552734375,0.8152551651000977,0.521484375,9.981564402695636e-05
149,,0.022722716469934456,0.022722507662320163,0.875,0.005986116274172426,0.0,1.0,0.10043862171076033,4516.1982421875,0.340087890625,0.8014715313911438,0.504150390625,7.38309990350638e-05
150,0.27291666666666664,0.01379605014352256,0.013791823606700681,0.875,0.005729565808104912,0.0,1.0,0.11005456322143836,4478.4990234375,0.341796875,0.7844411134719849,0.51416015625,5.7357539319892714e-05
151,,0.04856719128728643,0.04856699996448276,0.75,0.0059940145957318655,0.0,0.875,0.11278140865680464,4616.8076171875,0.375244140625,0.8277580738067627,0.496337890625,0.0001106235490818408
152,,0.04856966711451697,0.04852718753684063,0.75,0.006125133962668354,0.0,0.75,0.1026348207583328,4602.65087890625,0.376708984375,0.836760401725769,0.4912109375,8.407996180530189e-05
153,,0.04104348396873355,0.04104286380587728,0.875,0.00566150336165362,0.0,0.875,0.09742036982944692,4676.23193359375,0.383056640625,0.930300235748291,0.488525390625,6.15550368431697e-05
154,,0.07961820481121805,0.0796172333952391,0.75,0.0056164453742774244,0.0,0.75,0.09826226119985387,4724.66015625,0.398193359375,0.9394364953041077,0.490478515625,0.00011117607115920061
155,,0.03727846527813542,0.03727081303287206,0.75,0.005122976756193817,0.0,0.875,0.09746750887094023,4820.3955078125,0.409912109375,0.974372386932373,0.518310546875,0.00011914708398213592
156,,0.032926694124929434,0.032730274050562336,0.875,0.005469749250168543,0.0,0.875,0.10728116990558437,4974.7958984375,0.439453125,0.9490168690681458,0.491455078125,0.00014982656933531586
157,,0.038814015139409734,0.04092727076966515,0.875,0.005645929366989971,0.0,0.875,0.09849809472378016,4678.39892578125,0.3974609375,0.8297368884086609,0.502197265625,0.00013386608941908808
158,,0.02376341280234706,0.02376293117402294,0.875,0.005455490609680563,0.0,1.0,0.10098840517224456,4792.3916015625,0.41650390625,0.8038917183876038,0.49560546875,0.0001491838640550403
159,,0.07471543189464894,0.07471494288882184,0.75,0.00495212764119418,0.0,0.875,0.09478266126696198,4535.8583984375,0.393798828125,0.7430335283279419,0.520751953125,0.0001310848241152214
160,0.2916666666666667,0.052862647990954297,0.05388731914801259,0.75,0.0051539370752629555,0.0,0.875,0.10138517719152032,4359.94677734375,0.3779296875,0.6557943820953369,0.544189453125,0.0001373764796264577
161,,0.034684958365019856,0.0346848818922572,0.875,0.005550446678761149,0.0,0.875,0.09221934670974616,4747.9765625,0.414306640625,0.7306945323944092,0.49560546875,0.00015006241583816825
162,,0.041498823271915494,0.04419269655496012,0.75,0.00480740334065826,0.0,0.75,0.1016358638281708,4594.44921875,0.396484375,0.6550531983375549,0.492431640625,8.884172976211899e-05
163,,0.07406692478574985,0.07405065536948033,0.75,0.005058050077219814,0.0,0.75,0.09788860552189635,4699.2529296875,0.410400390625,0.6479054689407349,0.514892578125,0.00010933856710112634
164,,0.06426922808322855,0.06426909226388058,0.75,0.005317936827319497,0.0,0.75,0.08684673900280065,4873.37109375,0.452392578125,0.7141623497009277,0.48486328125,0.00012044536568649771
165,,0.069136117205603,0.0713859258653852,0.75,0.004481397704075603,0.0,0.625,0.08816374428414264,4456.30615234375,0.385986328125,0.5805143117904663,0.5185546875,0.00010633999000312855
166,,0.06345364478118615,0.06345328903976774,0.75,0.004928331843317564,0.0,0.875,0.10155256647188582,4710.5654296875,0.422607421875,0.6025809645652771,0.504150390625,0.000119245171011101
167,,0.06104629200909376,0.061602577928263,0.75,0.004822848592429565,0.0,0.75,0.1187954341047243,4669.6767578125,0.410888671875,0.6196209788322449,0.521240234375,7.163348132962082e-05
168,,0.0481095652811068,0.04808429133232438,0.75,0.004858047218372361,0.0,0.75,0.09395368994967934,4729.884765625,0.41748046875,0.5990758538246155,0.496826171875,9.589667370980082e-05
169,,0.04802410811948523,0.048014454391360956,0.75,0.005093599070911867,0.0,0.75,0.08963536984063322,4675.80810546875,0.40966796875,0.5983808636665344,0.502197265625,5.802924711630081e-05
170,0.275,0.08310389691098231,0.08310348420592353,0.75,0.005171754791394154,0.0,0.75,0.09699742950526044,4068.65966796875,0.32080078125,0.48530951142311096,0.594970703125,5.151071440516988e-05
171,,0.06763863699390682,0.06750194099715859,0.75,0.004721755052860964,0.0,0.625,0.08926392533399308,4415.4052734375,0.363525390625,0.5097938776016235,0.537109375,8.106628969329215e-05
172,,0.051997732474305954,0.05199749535011955,0.75,0.0053918793501747594,0.0,0.75,0.0887859738000861,4472.0341796875,0.3779296875,0.4924929141998291,0.53125,8.430425908297576e-05
173,,0.03694424124565787,0.03692920610991309,0.875,0.004894684148877367,0.0,0.875,0.08202493962511699,4704.31982421875,0.416748046875,0.5207972526550293,0.471435546875,7.244532680714043e-05
174,,0.043900192753742066,0.04387133128548113,0.875,0.005609962073806705,0.0,1.0,0.08764047572976873,4569.9072265625,0.40087890625,0.4972420036792755,0.515625,0.00013879208128468617
175,,0.048639122549334,0.04859876780633417,0.75,0.005553964637750838,0.0,0.75,0.09331075367904068,4481.94482421875,0.3935546875,0.5177145600318909,0.480224609375,0.0001123031168469285
176,,0.07243328943712518,0.07243221251182538,0.75,0.005848990635870115,0.0,0.75,0.09295328704021122,4579.92724609375,0.40234375,0.5256585478782654,0.511474609375,0.00015821540753962446
177,,0.04165560152935951,0.041649205805060485,0.75,0.004827504678436312,0.0,0.875,0.08329323687889065,4575.33203125,0.39990234375,0.5083539485931396,0.482666015625,9.396966025305514e-05
178,,0.04793630368392776,0.04826295470108223,0.75,0.005216320147279914,0.0,0.75,0.09888626613451316,4766.796875,0.431884765625,0.5321942567825317,0.469482421875,0.00012563923048901284
179,,0.04761458891159133,0.04761426406010455,0.75,0.016291936916671187,0.0,0.875,0.6302487810060111,4609.46923828125,0.409423828125,0.5103321075439453,0.54052734375,0.0023817438471507206
180,0.3145833333333333,0.04011101298864922,0.040138192860746984,0.625,0.005117414569497644,0.0,0.75,0.11469632346407498,4346.009765625,0.358154296875,0.4517371356487274,0.566162109375,0.00018064664896699296
181,,0.06655500822848166,0.0665505402928705,0.875,0.007073298235851416,0.0,0.75,0.09659871724497987,4393.78955078125,0.3623046875,0.5346867442131042,0.5234375,0.00020475212847812868
182,,0.03849922160850133,0.03849854811704248,0.875,0.0046983953531517025,0.0,0.875,0.08331223625138613,4345.1689453125,0.37109375,0.5794314742088318,0.533447265625,7.907529397753268e-05
183,,0.018912890355909335,0.018902473036840808,0.875,0.004871180005952279,0.0,1.0,0.093701583974367,4593.390625,0.400390625,0.5552518367767334,0.5234375,4.568289814975168e-05
184,,0.05696260401915097,0.05695677886664511,0.75,0.005055595012889492,0.0,0.875,0.09064799914665989,4555.046875,0.3759765625,0.5038661360740662,0.5458984375,5.009787100834128e-05
185,,0.03742991428981577,0.04101008911882244,0.875,0.004963115634934195,0.0,1.0,0.10300746528701188,4495.4921875,0.380615234375,0.5147998332977295,0.53955078125,4.470393819739329e-05
186,,0.05178780763282058,0.05178729388934937,0.75,0.004980034544799626,0.0,0.875,0.08713317949013705,4322.71875,0.359375,0.4963781237602234,0.570556640625,6.146492064830867e-05
187,,0.0504484628616933,0.05030150164898599,0.75,0.005245707600613471,0.0,0.75,0.09012236646541853,4521.5732421875,0.38623046875,0.5213897228240967,0.557373046875,6.403803950489697e-05
188,,0.061258632936303875,0.06125815249511321,0.75,0.004472351622505442,0.0,0.75,0.082350187657072,4610.16943359375,0.39501953125,0.4985504746437073,0.52978515625,5.622823413477074e-05
189,,0.04323504025415104,0.043065901118947446,0.875,0.005418683231977827,0.0,0.875,0.09133960289530835,4610.7529296875,0.392822265625,0.5968361496925354,0.500732421875,8.05801094223922e-05
190,0.2875,0.09803934535585164,0.09803434573579226,0.75,0.00483132289941291,0.0,0.75,0.08106204399736502,4374.234375,0.357177734375,0.4865627586841583,0.55859375,6.412041108991512e-05
191,,0.08111110888792225,0.08083240859161431,0.625,0.0051629195221261585,0.0,0.75,0.0889010474718286,4137.23388671875,0.328857421875,0.49001172184944153,0.55908203125,4.7228166623608204e-05
192,,0.02855334954497343,0.028543854713135156,0.875,0.004857192923531059,0.0,1.0,0.09126433873348255,4310.7822265625,0.34716796875,0.5111600160598755,0.53369140625,6.663613157407156e-05
193,,0.05863807954566784,0.058828476414397625,0.75,0.004976370188622981,0.0,0.875,0.09057364480630281,4253.0107421875,0.33349609375,0.5262168645858765,0.572021484375,3.18027731605131e-05
194,,0.0562096938390422,0.05620916329400104,0.625,0.005079454788404436,0.0,0.625,0.09359164044991616,4224.7939453125,0.3359375,0.4801827073097229,0.584716796875,8.083996059422634e-05
195,,0.06542687992358447,0.06540344091204615,0.625,0.005523357643048829,0.0,0.625,0.09303604068338828,4457.71875,0.380859375,0.5542677640914917,0.513916015625,9.622878682366892e-05
196,,0.04664051986478355,0.046638284323611806,0.75,0.005592501442214106,0.0,0.75,0.0853381525683153,4230.8173828125,0.35400390625,0.5179418325424194,0.548095703125,8.295485065416226e-05
197,,0.04649549546797115,0.04649009811369597,0.75,0.0044291579233362525,0.0,0.875,0.08890098428128856,4491.0576171875,0.39306640625,0.569530725479126,0.551513671875,8.7264079586546e-05
198,,0.1171571267591753,0.12106821999805824,0.75,0.004266982630201401,0.0,0.625,0.08532729499475436,4302.06787109375,0.356201171875,0.5046136379241943,0.560546875,6.053198591728866e-05
199,,0.044002269187276934,0.0439585360803565,0.75,0.004952568763156315,0.0,0.75,0.08930154686191631,4559.3251953125,0.39404296875,0.5633948445320129,0.501953125,0.0001057028654129578
200,0.32708333333333334,0.05955353983738044,0.05951201087144064,0.75,0.0053648367535029905,0.0,0.875,0.09273880262703851,4434.5908203125,0.3623046875,0.5305296182632446,0.53662109375,0.00013736463110456374
