initialization_scale,batch_size,epochs,updates,learning_rate,eta_max,initial_test_value,raw_final_test,ppo_final_test,final_raw_minus_ppo,max_early_raw_advantage,max_early_update,persistent_crossover_update,minimum_raw_rho,minimum_raw_effective_count,minimum_ppo_rho,raw_peak_drop,transition_visible,score
1.2,4,2,1912,0.1689227278777497,0.1723701304874997,0.8656612919933122,0.3382915272995656,0.8786773135697681,-0.5403857862702025,-0.0030343382324063972,20,40,0.1054491631430752,0.4217966525723008,0.9281731310578556,0.5273697646937466,0.0,53.73514480377961
1.05,4,2,1912,0.1689227278777497,0.1723701304874997,0.8423815621934049,0.330296690068445,0.8665307505454386,-0.5362340604769936,-0.0042397922604678895,20,40,0.17603480605599203,0.7041392242239681,0.9389424349034969,0.5120848721249599,0.0,53.19942682165257
1.2,4,1,956,0.1689227278777497,0.1723701304874997,0.8656612919933122,0.3426285578722547,0.8693554313423342,-0.5267268734700794,-0.0030343382324063972,20,40,0.16725712315291502,0.6690284926116601,0.9281731310578556,0.5230327341210574,0.0,52.3692535237673
1.0,4,2,1912,0.1689227278777497,0.1723701304874997,0.8321805320630867,0.42045610629220775,0.8628658204834263,-0.44240971419121855,-0.006171014866239943,20,40,0.3411257252858208,1.3645029011432832,0.8779907658622419,0.411724425770879,0.0,43.62386993249786
1.0,4,1,956,0.1689227278777497,0.1723701304874997,0.8321805320630867,0.4109438639143591,0.8526216310477481,-0.441677767133389,-0.006171014866239943,20,40,0.3411257252858208,1.3645029011432832,0.8779907658622419,0.4212366681487276,0.0,43.55067522671491
1.05,4,1,956,0.1689227278777497,0.1723701304874997,0.8423815621934049,0.4210974668363855,0.8582673078576427,-0.4371698410212572,-0.0042397922604678895,20,40,0.17603480605599203,0.7041392242239681,0.9389424349034969,0.4212840953570194,0.0,43.29300487607893
1.25,4,2,1912,0.1689227278777497,0.1723701304874997,0.8715592486144839,0.45167856978507254,0.8835532948568596,-0.4318747250717871,-0.0028244109081433377,20,40,0.27882573302551383,1.1153029321020553,0.8906691460213055,0.4198806788294113,0.0,42.90503141636438
1.15,4,1,956,0.1689227278777497,0.1723701304874997,0.8589333429753235,0.504863210597177,0.8662083073213005,-0.3613450967241235,-0.0023483475530811093,20,40,0.04580639199057422,0.1832255679622969,0.9248424777471158,0.35407013237814655,0.0,35.899674917104235
1.25,4,1,956,0.1689227278777497,0.1723701304874997,0.8715592486144839,0.5144180033703195,0.8714968703851262,-0.35707886701480673,-0.0028244109081433377,20,40,0.27882573302551383,1.1153029321020553,0.8906691460213055,0.35714124524416435,0.0,35.425445610666344
1.15,4,2,1912,0.1689227278777497,0.1723701304874997,0.8589333429753235,0.5471359398853781,0.8742916391802751,-0.32715569929489696,-0.0023483475530811093,20,40,0.04580639199057422,0.1832255679622969,0.9248424777471158,0.3117974030899454,0.0,32.48073517418158
1.1,4,2,1912,0.1689227278777497,0.1723701304874997,0.8512308550922029,0.6011575680719948,0.8720643047597016,-0.2709067366877068,-0.0040808248076087406,20,40,0.4598621664519665,1.839448665807866,0.9025686753324548,0.25007328702020803,0.0,26.682591188009805
1.1,4,1,956,0.1689227278777497,0.1723701304874997,0.8512308550922029,0.6392217491575223,0.8638773678370253,-0.224655618679503,-0.0040808248076087406,20,40,0.46856230133700283,1.8742492053480113,0.9025686753324548,0.2120091059346806,0.0,22.057479387189424
1.0,4,1,956,0.14,0.1723701304874997,0.8321805320630867,0.6575646931991248,0.8500600294066982,-0.19249533620757342,-0.004108658277815258,20,40,0.56081647453521,2.24326589814084,0.9433125403658181,0.17461583886396193,0.0,18.838667792975816
1.0,4,2,1912,0.14,0.1723701304874997,0.8321805320630867,0.6692461314434848,0.859653381439375,-0.1904072499958902,-0.004108658277815258,20,40,0.56081647453521,2.24326589814084,0.9433125403658181,0.16293440061960196,0.0,18.629859171807496
1.05,4,1,956,0.14,0.1723701304874997,0.8423815621934049,0.7218733755506903,0.8573373341409989,-0.13546395859030858,-0.0028813513087585507,20,40,0.7058680144332596,2.8234720577330386,0.9564553339270676,0.12050818664271457,0.0,13.258260728155003
1.05,4,2,1912,0.14,0.1723701304874997,0.8423815621934049,0.7460143142573025,0.864621413610409,-0.11860709935310654,-0.0028813513087585507,20,40,0.7058680144332596,2.8234720577330386,0.9564553339270676,0.09636724793610241,0.0,11.5725748044348
0.9,4,2,1912,0.1689227278777497,0.1723701304874997,0.8067083482427954,0.7409029350315721,0.8521464879506023,-0.11124355291903021,-0.006988870493443877,20,40,0.6949961855597161,2.7799847422388644,0.9409026944193062,0.07529515604369641,0.0,10.425468242558633
1.2,4,1,956,0.14,0.1723701304874997,0.8656612919933122,0.7820908181807598,0.8702804254640265,-0.08818960728326675,-0.0016379574159494092,20,40,0.6400971927344029,2.5603887709376116,0.9652878563720879,0.08357047381255245,0.0,8.655164986731734
0.9,4,1,956,0.1689227278777497,0.1723701304874997,0.8067083482427954,0.7521412847507185,0.8415987471221721,-0.08945746237145358,-0.006988870493443877,20,40,0.6949961855597161,2.7799847422388644,0.9409026944193062,0.06405680632455002,0.0,8.24685918780097
1.2,4,2,1912,0.14,0.1723701304874997,0.8656612919933122,0.8565029108096629,0.8779640918193976,-0.02146118100973471,-0.0016379574159494092,20,40,0.6400971927344029,2.5603887709376116,0.9652878563720879,0.009158381183649311,0.0,1.98232235937853
1.25,4,1,956,0.14,0.1723701304874997,0.8715592486144839,0.8581147063475552,0.8736073497370416,-0.015492643389486416,-0.0019482252980325132,20,40,0.6186368700358289,2.4745474801433156,0.9598349294094686,0.013444542266928705,0.0,1.3544418091453903
1.15,4,1,956,0.14,0.1723701304874997,0.8589333429753235,0.8605613403252697,0.8663069887024181,-0.005745648377148416,-0.001588829307548667,20,40,0.7041530259672873,2.8166121038691494,0.95826135700468,0.0015186116910715919,0.0,0.41568190695997487
1.15,4,1,956,0.1,0.1723701304874997,0.8589333429753235,0.8629623328252991,0.8655530650400809,-0.002590732214781788,-0.00025177744291193793,20,40,0.9289301759570086,3.715720703828034,0.978294481942622,0.00010248459342665495,0.0,0.233895477186985
1.25,4,1,956,0.1,0.1723701304874997,0.8715592486144839,0.8716163896963488,0.8747200252608384,-0.0031036355644895597,-0.0009539967630921575,20,40,0.945685279568597,3.782741118274388,0.9819946940800783,0.0004929494517954547,0.0,0.21496388013974022
1.2,4,1,956,0.1,0.1723701304874997,0.8656612919933122,0.867259611317872,0.8700809807658579,-0.002821369447985944,-0.0008329048698013652,20,40,0.9330986881063088,3.732394752425235,0.9828076170076521,0.0010531893058608466,0.0,0.1988464578184579
1.25,8,1,478,0.1689227278777497,0.1723701304874997,0.8715592486144839,0.8725053265030839,0.8742643096596534,-0.0017589831565695269,-0.0005624669611863364,20,40,0.9622379903187512,7.69790392255001,0.9869392301910391,0.0001908682972550091,0.0,0.11965161953831904
1.2,8,1,478,0.1689227278777497,0.1723701304874997,0.8656612919933122,0.8679108742873582,0.8696294418792648,-0.0017185675919065835,-0.0006400435817018879,20,40,0.9550251886697476,7.640201509357981,0.9849180651954941,0.0004590544377262029,0.0,0.10785240102046956
1.15,8,1,478,0.1689227278777497,0.1723701304874997,0.8589333429753235,0.8628729192922222,0.8645455636046127,-0.0016726443123904478,-0.0006495900112657438,20,40,0.9495092437016621,7.596073949613297,0.9851819229564163,0.0,0.0,0.1023054301124704
1.25,8,2,956,0.14,0.1723701304874997,0.8715592486144839,0.8770722233467666,0.8781342517293871,-0.0010620283826204835,-8.907303439653624e-05,120,880,0.968613426082283,7.748907408658264,0.9898055187456759,0.00048528043466100623,0.0,0.09729553482239472
1.15,8,1,478,0.14,0.1723701304874997,0.8589333429753235,0.8627822883146357,0.8638877579188126,-0.0011054696041769008,-0.0002510466983343118,20,40,0.9616430630937582,7.693144504750066,0.9874895470130657,0.0,0.0,0.0854422905842589
1.25,16,2,478,0.1689227278777497,0.1723701304874997,0.8715592486144839,0.8749743268978285,0.87601073359625,-0.0010364066984215325,-0.0001830456518405743,60,80,0.9827893382305462,15.724629411688738,0.9941769547190338,0.0003491343920736245,0.0,0.08533610465809582
1.25,16,2,478,0.14,0.1723701304874997,0.8715592486144839,0.8744145952667853,0.8754124367795347,-0.0009978415127493978,-0.00018376549921028662,60,80,0.9857504287889446,15.772006860623113,0.9954626238575035,0.0002665573027688106,0.0,0.08140760135391112
1.25,8,2,956,0.1,0.1723701304874997,0.8715592486144839,0.875569515226782,0.8764792789361493,-0.0009097637093673505,-0.00019067191671973127,120,880,0.9774040036394144,7.819232029115315,0.9931901663794989,0.0004299963575113974,0.0,0.07190917926476192
1.25,8,1,478,0.14,0.1723701304874997,0.8715592486144839,0.872898036682502,0.8739505854059975,-0.0010525487234954722,-0.000413996990316301,20,40,0.9713763060658493,7.771010448526795,0.9898055187456759,0.0,0.0,0.06385517331791712
1.2,8,1,478,0.14,0.1723701304874997,0.8656612919933122,0.8681795767352467,0.8692094631970633,-0.0010298864618165648,-0.0004034814347161353,20,40,0.9686869327681504,7.7494954621452035,0.9882054746199941,0.00011754227843197018,0.0,0.06264050271004296
1.25,16,2,478,0.1,0.1723701304874997,0.8715592486144839,0.8736198561698609,0.8743129209171983,-0.0006930647473373241,-0.000138823944052624,20,40,0.9897729245363258,15.836366792581213,0.9964208787771487,0.00014907944331166156,0.0,0.055424080328470016
1.1,16,1,239,0.1,0.1723701304874997,0.8512308550922029,0.8538276167286692,0.8544590273835662,-0.0006314106548969134,-0.00014821987862423391,20,40,0.9880486762943275,15.80877882070924,0.9961205053734457,0.0,0.0,0.04831907762726795
1.25,16,1,239,0.14,0.1723701304874997,0.8715592486144839,0.8727686717005939,0.8734977121712552,-0.0007290404706612463,-0.0002875898630458895,20,40,0.9877403695533928,15.803845912854285,0.9957346405681399,0.0,0.0,0.04414506076153568
1.25,16,1,239,0.1,0.1723701304874997,0.8715592486144839,0.8725556763772392,0.8731154436154606,-0.0005597672382213759,-0.000138823944052624,20,40,0.9914055731400702,15.862489170241123,0.9968019824298121,0.0,0.0,0.04209432941687519
1.25,8,1,478,0.1,0.1723701304874997,0.8715592486144839,0.8729691139239035,0.8736064391398732,-0.0006373252159697085,-0.00023368469656748214,20,40,0.9813716519928348,7.850973215942679,0.9931901663794989,0.0,0.0,0.040364051940222634
1.25,8,2,956,0.1689227278777497,0.1723701304874997,0.8715592486144839,0.8781337600115812,0.8788577801251962,-0.0007240201136150537,-0.00034816717999408553,120,880,0.9615143593807245,7.692114875045796,0.9869392301910391,0.0003758715351457331,0.0,0.03758529336209682
1.15,8,1,478,0.1,0.1723701304874997,0.8589333429753235,0.8623199135636515,0.8627564766634155,-0.0004365630997640313,-9.947311666580472e-05,20,40,0.9759854357992243,7.807883486393794,0.9920632311609182,0.0,0.0,0.03370899830982266
1.2,8,1,478,0.1,0.1723701304874997,0.8656612919933122,0.8680905388013702,0.868617524969299,-0.000526986167928789,-0.0001988294764144749,20,40,0.9808243278507451,7.846594622805961,0.9921150217092816,0.0,0.0,0.032815669151431415
1.05,16,2,478,0.1689227278777497,0.1723701304874997,0.8423815621934049,0.8550065548357584,0.8532620919245719,0.0017444629111864618,0.0003262616910586491,60,-1,0.9810656262597808,15.697050020156492,0.9936686154400448,0.0,0.0,0.03262616910586491
1.05,8,2,956,0.1,0.1723701304874997,0.8423815621934049,0.8567068594658277,0.8545623100931049,0.0021445493727227927,0.0003069058917034573,120,-1,0.9736608105702809,7.789286484562247,0.9904424798899439,0.0,0.0,0.030690589170345728
1.25,16,1,239,0.1689227278777497,0.1723701304874997,0.8715592486144839,0.872880647701529,0.8736845925705156,-0.0008039448689866058,-0.0005426262136282167,40,60,0.9847501757940321,15.756002812704514,0.9941769547190338,0.0,0.0,0.026131865535838905
1.2,16,1,239,0.1,0.1723701304874997,0.8656612919933122,0.8672685764642811,0.8677281698530775,-0.00045959338879641987,-0.00020222949525228184,20,40,0.991750600886259,15.868009614180144,0.9966261287247395,0.0,0.0,0.025736389354413802
1.2,16,2,478,0.1,0.1723701304874997,0.8656612919933122,0.868796294950821,0.8692247244596107,-0.0004284295087897405,-0.00020222949525228184,20,40,0.987360189114946,15.797763025839137,0.9965031204898006,0.0,0.0,0.022620001353745867
1.15,16,2,478,0.1689227278777497,0.1723701304874997,0.8589333429753235,0.865484231863913,0.865900312472113,-0.0004160806081999757,-0.00019055502483222853,60,460,0.9818788936104728,15.710062297767564,0.993491435757347,0.00026172769078147695,0.0,0.02255255833677472
1.2,16,2,478,0.14,0.1723701304874997,0.8656612919933122,0.8699934797789446,0.8704006016213887,-0.00040712184244406924,-0.00020722273546602832,60,460,0.9831443095745966,15.730308953193546,0.9949259001546478,0.0,0.0,0.019989910697804092
1.05,8,2,956,0.14,0.1723701304874997,0.8423815621934049,0.8605302492367679,0.8571994016975439,0.003330847539223969,0.00019280138701560645,120,-1,0.9596251841922088,7.67700147353767,0.9865259404761801,0.0,0.0,0.019280138701560645
1.2,16,1,239,0.14,0.1723701304874997,0.8656612919933122,0.8676985020314165,0.8682854215146701,-0.0005869194832536229,-0.0004099117959392995,20,40,0.9883172443426407,15.81307590948225,0.9952129799639321,0.0,0.0,0.017700768731432337
1.2,4,2,1912,0.1,0.1723701304874997,0.8656612919933122,0.8746279296135052,0.8756275358935085,-0.0009996062800032846,-0.0008329048698013652,20,1740,0.9330986881063088,3.732394752425235,0.9828076170076521,0.0005633262108016845,0.0,0.01667014102019193
1.15,16,2,478,0.1,0.1723701304874997,0.8589333429753235,0.8631181261770424,0.8634296875397609,-0.0003115613627184821,-0.00014797199075089473,60,460,0.9890262818914242,15.824420510262787,0.9962420238359005,0.00010369022874645584,0.0,0.016358937196758738
0.9,16,2,478,0.1689227278777497,0.1723701304874997,0.8067083482427954,0.8351609181041404,0.8282021975094631,0.006958720594677281,0.00015854190251640699,60,-1,0.9754458746838492,15.607133994941588,0.9904460111523244,0.0,0.0,0.0158541902516407
1.2,8,2,956,0.1,0.1723701304874997,0.8656612919933122,0.8715791666463467,0.8719305872625418,-0.00035142061619508613,-0.0001988294764144749,20,900,0.9745043119183283,7.7960344953466265,0.9921150217092816,0.0,0.0,0.015259113978061123
1.05,16,2,478,0.14,0.1723701304874997,0.8423815621934049,0.8533186858594279,0.852044897142784,0.0012737887166439643,0.00014612886003528835,60,-1,0.9835343294711519,15.736549271538431,0.9948749726491585,0.0,0.0,0.014612886003528835
1.1,16,2,478,0.1,0.1723701304874997,0.8512308550922029,0.8567228247061083,0.8569823429274523,-0.0002595182213440683,-0.00014245995965533886,60,80,0.9878416427312808,15.805466283700493,0.9961205053734457,0.0,0.0,0.011705826168872946
1.15,16,2,478,0.14,0.1723701304874997,0.8589333429753235,0.8645313383663822,0.864868291335793,-0.00033695296941083086,-0.00022782349534677948,60,460,0.9848154745043173,15.757047592069076,0.9944947182332224,0.000219977218379519,0.0,0.010912947406405138
1.1,16,1,239,0.14,0.1723701304874997,0.8512308550922029,0.8548499284000769,0.8553652807129806,-0.0005153523129036719,-0.0004211658917874228,40,60,0.9843501031835512,15.74960165093682,0.9941155554235029,0.0,0.0,0.009418642111624909
1.15,16,1,239,0.1,0.1723701304874997,0.8589333429753235,0.8612022530060683,0.8614791984171246,-0.000276945411056273,-0.00019432277652375873,20,40,0.9908329444765054,15.853327111624086,0.9962420238359005,0.0,0.0,0.008262263453251428
1.1,16,2,478,0.14,0.1723701304874997,0.8512308550922029,0.8587265624242185,0.8588211742611852,-9.461183696668485e-05,-2.296394581280392e-05,60,460,0.9840995560138877,15.745592896222202,0.9941155554235029,0.0,0.0,0.007164789115388093
1.2,16,2,478,0.1689227278777497,0.1723701304874997,0.8656612919933122,0.8707984416643033,0.8711373534916118,-0.0003389118273084968,-0.0003099643985096101,60,460,0.9801421303035198,15.682274084856317,0.9940076968837646,0.0,0.0,0.0028947428798886676
1.05,16,2,478,0.1,0.1723701304874997,0.8423815621934049,0.8507606822810632,0.849936661449018,0.0008240208320451359,1.7821847011045833e-05,60,-1,0.9872719511022673,15.796351217636277,0.9954882933645786,0.0,0.0,0.0017821847011045833
1.1,8,1,478,0.1,0.1723701304874997,0.8512308550922029,0.8563279914577435,0.8566624711075747,-0.000334479649831132,-0.0003251634774065204,20,40,0.9697303346594058,7.757842677275247,0.9914226080041116,0.0,0.0,0.000931617242461158
0.9,16,2,478,0.14,0.1723701304874997,0.8067083482427954,0.8316451304517397,0.8265419261494076,0.005103204302332132,4.1812556027531755e-06,60,-1,0.9797797681684097,15.676476290694556,0.9920841760451713,0.0,0.0,0.00041812556027531755
0.9,16,2,478,0.1,0.1723701304874997,0.8067083482427954,0.8260601265856466,0.8229231046811432,0.0031370219045034897,-7.622408759566657e-05,60,-1,0.9860310161689343,15.776496258702949,0.994386772096117,0.0,0.0,-0.007622408759566657
0.9,8,2,956,0.1,0.1723701304874997,0.8067083482427954,0.8385942946820698,0.8305355427792376,0.008058751902832229,-8.816453173843275e-05,120,-1,0.9691001083488121,7.752800866790497,0.9885584085938272,0.0,0.0,-0.008816453173843275
1.15,8,2,956,0.1,0.1723701304874997,0.8589333429753235,0.8664381650870995,0.8663088437210845,0.00012932136601495614,-9.350426051357719e-05,120,-1,0.9759854357992243,7.807883486393794,0.9920632311609182,0.0006845329618178075,0.0,-0.009350426051357719
1.1,16,2,478,0.1689227278777497,0.1723701304874997,0.8512308550922029,0.8600592565727647,0.8597576435351186,0.0003016130376460868,-0.00012242582516786005,60,-1,0.9800136569502607,15.68021851120417,0.9928787877912415,0.0,0.0,-0.012242582516786005
1.15,16,1,239,0.14,0.1723701304874997,0.8589333429753235,0.8617511769036629,0.8620333252054945,-0.00028214830183159734,-0.0004452771496242791,20,40,0.9868591206057656,15.78974592969225,0.9944947182332224,0.0,0.0,-0.016312884779268177
1.05,16,1,239,0.1,0.1723701304874997,0.8423815621934049,0.8469934667399526,0.8469532314653921,4.0235274560429524e-05,-0.00019601858521589577,40,-1,0.989454643589343,15.831274297429488,0.9954882933645786,0.0,0.0,-0.019601858521589577
1.0,16,1,239,0.1,0.1723701304874997,0.8321805320630867,0.8377388534135527,0.837325412118056,0.00041344129549669706,-0.00020899876280700003,20,-1,0.9889378978799647,15.823006366079435,0.9954574299521172,0.0,0.0,-0.020899876280700003
1.0,16,2,478,0.1,0.1723701304874997,0.8321805320630867,0.8430755792864882,0.8421972039645628,0.0008783753219254731,-0.00020899876280700003,20,-1,0.987934733919297,15.806955742708752,0.9954574299521172,0.0,0.0,-0.020899876280700003
1.2,8,2,956,0.14,0.1723701304874997,0.8656612919933122,0.8732819106588486,0.8734761266210921,-0.00019421596224344917,-0.0004034814347161353,20,900,0.964401463269347,7.715211706154776,0.9882054746199941,0.0,0.0,-0.020926547247268612
1.1,8,2,956,0.1,0.1723701304874997,0.8512308550922029,0.8614330754507336,0.8606655076579244,0.0007675677928091762,-0.0002412364857709015,120,-1,0.9697303346594058,7.757842677275247,0.9914226080041116,0.0003311755646724368,0.0,-0.02412364857709015
1.15,8,2,956,0.14,0.1723701304874997,0.8589333429753235,0.8686234252074566,0.8682538219857026,0.0003696032217540557,-0.0002510466983343118,20,-1,0.9616430630937582,7.693144504750066,0.9874895470130657,0.000985342790380317,0.0,-0.02510466983343118
1.15,4,2,1912,0.1,0.1723701304874997,0.8589333429753235,0.8711531366092491,0.8707817674040912,0.00037136920515790095,-0.00025177744291193793,20,-1,0.9289301759570086,3.715720703828034,0.978294481942622,0.0012742380386583374,0.0,-0.025177744291193793
1.2,8,2,956,0.1689227278777497,0.1723701304874997,0.8656612919933122,0.8741552865158851,0.8744788326820684,-0.0003235461661832417,-0.0006400435817018879,20,900,0.9550251886697476,7.640201509357981,0.9849180651954941,0.0,0.0,-0.03164974155186462
1.2,16,1,239,0.1689227278777497,0.1723701304874997,0.8656612919933122,0.8679276978521546,0.8681244762335905,-0.00019677838143583593,-0.0005261608484383729,20,40,0.9856354738535252,15.770167581656404,0.9940076968837646,0.0,0.0,-0.03293824670025369
1.1,8,2,956,0.14,0.1723701304874997,0.8512308550922029,0.8645814425520634,0.8631349822262353,0.0014464603258280695,-0.0003310716863921259,120,-1,0.9501263378480422,7.601010702784338,0.9880867607418675,0.0003620904932466473,0.0,-0.03310716863921259
1.05,8,2,956,0.1689227278777497,0.1723701304874997,0.8423815621934049,0.8629126016903838,0.85897290905458,0.003939692635803738,-0.0003472436266916956,120,-1,0.9467717938198739,7.574174350558991,0.982836428923536,0.0,0.0,-0.03472436266916956
1.0,16,2,478,0.1689227278777497,0.1723701304874997,0.8321805320630867,0.8486798870997738,0.8460646742405853,0.0026152128591885315,-0.00035140709113268276,60,-1,0.9806628119694603,15.690604991511364,0.9925754510182612,0.0,0.0,-0.035140709113268276
1.1,4,1,956,0.14,0.1723701304874997,0.8512308550922029,0.8600531332444499,0.8622418220853525,-0.0021886888409026195,-0.0025758611578495794,20,40,0.8170590255848389,3.2682361023393556,0.9596433585051367,0.0009345554425441716,0.0,-0.038717231694695986
1.05,16,1,239,0.14,0.1723701304874997,0.8423815621934049,0.84847874219494,0.8482462211869486,0.0002325210079914264,-0.00039043196529375823,40,-1,0.9855252767448439,15.768404427917503,0.9948749726491585,0.0,0.0,-0.03904319652937582
1.25,4,2,1912,0.1,0.1723701304874997,0.8715592486144839,0.879254270457871,0.8798116347155709,-0.0005573642576999216,-0.0009539967630921575,20,1740,0.945685279568597,3.782741118274388,0.9819946940800783,0.0,0.0,-0.03966325053922359
1.15,16,1,239,0.1689227278777497,0.1723701304874997,0.8589333429753235,0.8620637454916478,0.8623943246200166,-0.0003305791283688686,-0.0007348413572465518,40,60,0.9831427790156612,15.730284464250579,0.993491435757347,0.0,0.0,-0.040426222887768315
1.0,16,2,478,0.14,0.1723701304874997,0.8321805320630867,0.8464587973802461,0.844686677431644,0.0017721199486020467,-0.000407134349008631,60,-1,0.9839414477166711,15.743063163466738,0.9936788791066545,0.0,0.0,-0.0407134349008631
1.1,16,1,239,0.1689227278777497,0.1723701304874997,0.8512308550922029,0.8555713016380443,0.8560063270270358,-0.000435025388991539,-0.0008482714305402261,20,40,0.9800136569502607,15.68021851120417,0.9928787877912415,0.0,0.0,-0.041324604154868716
1.05,16,1,239,0.1689227278777497,0.1723701304874997,0.8423815621934049,0.8494633067223949,0.8488911378358784,0.0005721688865164554,-0.00043825717835022093,40,-1,0.9817842078197515,15.708547325116024,0.9938934361518003,0.0,0.0,-0.04382571783502209
1.05,8,1,478,0.1,0.1723701304874997,0.8423815621934049,0.8504571727661157,0.8499688306333469,0.0004883421327687154,-0.0004662652712594806,20,-1,0.9736608105702809,7.789286484562247,0.9904424798899439,0.0,0.0,-0.04662652712594806
0.9,16,1,239,0.1,0.1723701304874997,0.8067083482427954,0.8169975191686671,0.8163521214450429,0.0006453977236242636,-0.00048462622933898025,20,-1,0.9860310161689343,15.776496258702949,0.994386772096117,0.0,0.0,-0.048462622933898025
1.0,8,2,956,0.1,0.1723701304874997,0.8321805320630867,0.8508840811261958,0.8472920333439615,0.00359204778223432,-0.0004934849738452707,120,-1,0.9751761119085096,7.801408895268077,0.9911682850959178,0.0,0.0,-0.04934849738452707
1.0,16,1,239,0.14,0.1723701304874997,0.8321805320630867,0.8394881198880405,0.8391756817861389,0.00031243810190162424,-0.0005559137109284462,20,-1,0.984189991090543,15.747039857448687,0.9936788791066545,0.0,0.0,-0.05559137109284462
1.0,8,1,478,0.1,0.1723701304874997,0.8321805320630867,0.8418691107571015,0.8409048450030754,0.0009642657540260835,-0.0005625560154954856,20,-1,0.9751761119085096,7.801408895268077,0.9911682850959178,0.0,0.0,-0.05625560154954856
1.15,8,2,956,0.1689227278777497,0.1723701304874997,0.8589333429753235,0.8699567587211858,0.8695414609927493,0.00041529772843651447,-0.0006495900112657438,20,-1,0.9495092437016621,7.596073949613297,0.9851819229564163,0.0011535205991666242,0.0,-0.06495900112657438
1.1,4,1,956,0.1,0.1723701304874997,0.8512308550922029,0.8600533763975633,0.860653093480984,-0.0005997170834206589,-0.001254148415363976,20,940,0.9099980748056536,3.6399922992226146,0.9796274834578993,0.0,0.0,-0.0654431331943317
1.1,8,1,478,0.14,0.1723701304874997,0.8512308550922029,0.8581429707418966,0.8582283882045353,-8.541746263868166e-05,-0.0007435975243467174,20,40,0.9501263378480422,7.601010702784338,0.9880867607418675,0.0,0.0,-0.06581800617080358
1.25,4,2,1912,0.14,0.1723701304874997,0.8715592486144839,0.8811375867980772,0.8823653341470692,-0.0012277473489920032,-0.0019482252980325132,20,1740,0.6186368700358289,2.4745474801433156,0.9598349294094686,0.0,0.0,-0.072047794904051
0.9,8,2,956,0.14,0.1723701304874997,0.8067083482427954,0.8459022686000346,0.8351817518203717,0.010720516779662903,-0.0007465837783809937,120,-1,0.9525710673813469,7.620568539050775,0.9833874443580692,0.0,0.0,-0.07465837783809937
1.0,16,1,239,0.1689227278777497,0.1723701304874997,0.8321805320630867,0.8406589098234403,0.8399743448048478,0.0006845650185924868,-0.0008048890635397044,20,-1,0.9806628119694603,15.690604991511364,0.9925754510182612,0.0,0.0,-0.08048890635397044
1.05,8,1,478,0.14,0.1723701304874997,0.8423815621934049,0.852735007210914,0.8517625889705964,0.0009724182403175741,-0.0009291038143651731,20,-1,0.9596251841922088,7.67700147353767,0.9865259404761801,0.0,0.0,-0.09291038143651731
1.1,8,2,956,0.1689227278777497,0.1723701304874997,0.8512308550922029,0.8666170841253727,0.8647461496147075,0.001870934510665223,-0.0009532407427336187,120,-1,0.9338032015376024,7.4704256123008195,0.9849865100357793,0.00023191898991437032,0.0,-0.09532407427336187
1.0,8,2,956,0.14,0.1723701304874997,0.8321805320630867,0.8558355928566563,0.8506572854405237,0.005178307416132677,-0.0009998664604511376,120,-1,0.9614565201935379,7.691652161548303,0.9862271936380506,0.0,0.0,-0.09998664604511376
1.0,8,1,478,0.14,0.1723701304874997,0.8321805320630867,0.8446149720538079,0.8432668898993615,0.0013480821544463728,-0.001021740846646635,20,-1,0.9614565201935379,7.691652161548303,0.9862271936380506,0.0,0.0,-0.10217408466466349
1.05,4,1,956,0.1,0.1723701304874997,0.8423815621934049,0.8556177536854095,0.8544337905811992,0.0011839631042103171,-0.0010986707438676024,20,-1,0.9279169561172707,3.7116678244690826,0.9789459496506783,0.00028462512272653395,0.0,-0.10986707438676024
1.05,4,2,1912,0.1,0.1723701304874997,0.8423815621934049,0.8652395020762269,0.8607357172605166,0.004503784815710343,-0.0010986707438676024,20,-1,0.9279169561172707,3.7116678244690826,0.9789459496506783,0.0,0.0,-0.10986707438676024
1.1,8,1,478,0.1689227278777497,0.1723701304874997,0.8512308550922029,0.859236584647155,0.8592228495922122,1.3735054942842773e-05,-0.0011064651440527706,20,-1,0.9338032015376024,7.4704256123008195,0.9849865100357793,0.0,0.0,-0.11064651440527706
0.9,8,1,478,0.1,0.1723701304874997,0.8067083482427954,0.8253672478082322,0.8226123667779971,0.0027548810302351345,-0.0011462037191029006,20,-1,0.9691001083488121,7.752800866790497,0.9891348584493219,0.0,0.0,-0.11462037191029006
1.05,8,1,478,0.1689227278777497,0.1723701304874997,0.8423815621934049,0.8542068614471992,0.8533369445128361,0.000869916934363002,-0.0011658744591287462,20,-1,0.9467717938198739,7.574174350558991,0.982836428923536,7.48440155118324e-05,0.0,-0.11658744591287462
1.15,4,2,1912,0.14,0.1723701304874997,0.8589333429753235,0.8731871178442197,0.8735960296424435,-0.0004089117982238877,-0.001588829307548667,20,1800,0.7041530259672873,2.8166121038691494,0.95826135700468,0.0016882703875708005,0.0,-0.11799175093247793
0.9,8,2,956,0.1689227278777497,0.1723701304874997,0.8067083482427954,0.8502548622564381,0.8381251138485766,0.012129748407861518,-0.0012516152935376779,120,-1,0.9394668718012265,7.515734974409812,0.9779982121299702,0.0,0.0,-0.1251615293537678
1.1,4,2,1912,0.1,0.1723701304874997,0.8512308550922029,0.8686257599166091,0.8660303979607666,0.0025953619558424235,-0.001254148415363976,20,-1,0.9099980748056536,3.6399922992226146,0.9796274834578993,0.0,0.0,-0.1254148415363976
0.9,16,1,239,0.14,0.1723701304874997,0.8067083482427954,0.820579543899691,0.8192550780733292,0.0013244658263618092,-0.0014123265859738998,20,-1,0.9797797681684097,15.676476290694556,0.9925321099284995,0.0,0.0,-0.14123265859738998
1.0,4,1,956,0.1,0.1723701304874997,0.8321805320630867,0.8479944876743314,0.8464700188154751,0.001524468858856265,-0.0015282280878758936,20,-1,0.9068453782757722,3.6273815131030887,0.9795370619681674,0.0,0.0,-0.15282280878758936
1.0,4,2,1912,0.1,0.1723701304874997,0.8321805320630867,0.8619020684183172,0.8550742256606029,0.006827842757714309,-0.0015282280878758936,20,-1,0.9068453782757722,3.6273815131030887,0.9795370619681674,0.0,0.0,-0.15282280878758936
0.9,4,2,1912,0.1,0.1723701304874997,0.8067083482427954,0.8542446557033954,0.8407207769459173,0.01352387875747807,-0.0015490429843816322,240,-1,0.9219221215593134,3.6876884862372536,0.9751356006954557,0.0,0.0,-0.15490429843816322
1.0,8,1,478,0.1689227278777497,0.1723701304874997,0.8321805320630867,0.8463795239769439,0.8450530018624948,0.001326522114449169,-0.001627611742581636,20,-1,0.9489106347321032,7.591285077856826,0.9830216876746996,0.0,0.0,-0.1627611742581636
1.0,8,2,956,0.1689227278777497,0.1723701304874997,0.8321805320630867,0.8589040371224819,0.8529157919370363,0.0059882451854456065,-0.001627611742581636,20,-1,0.9489106347321032,7.591285077856826,0.9830216876746996,0.0,0.0,-0.1627611742581636
0.9,16,1,239,0.1689227278777497,0.1723701304874997,0.8067083482427954,0.8230077475586587,0.8207309146509054,0.002276832907753268,-0.001806851611167004,20,-1,0.9754458746838492,15.607133994941588,0.9917208856955355,0.0,0.0,-0.1806851611167004
0.9,8,1,478,0.14,0.1723701304874997,0.8067083482427954,0.8309694409588484,0.8259252073352273,0.005044233623621053,-0.0020600724459254316,20,-1,0.9525710673813469,7.620568539050775,0.9833874443580692,0.0,0.0,-0.20600724459254316
1.1,4,2,1912,0.14,0.1723701304874997,0.8512308550922029,0.8729818163653494,0.8687576901892419,0.004224126176107568,-0.0025758611578495794,20,-1,0.8170590255848389,3.2682361023393556,0.9596433585051367,0.0,0.0,-0.25758611578495794
0.9,4,1,956,0.1,0.1723701304874997,0.8067083482427954,0.8378720503464651,0.8315164244615498,0.006355625884915228,-0.0028020843109147764,20,-1,0.9219221215593134,3.6876884862372536,0.9751356006954557,0.0,0.0,-0.28020843109147764
0.9,8,1,478,0.1689227278777497,0.1723701304874997,0.8067083482427954,0.8345388321710374,0.8287837203545502,0.005755111816487246,-0.0031733761305299257,20,-1,0.9394668718012265,7.515734974409812,0.9779982121299702,0.0,0.0,-0.3173376130529926
0.9,4,2,1912,0.14,0.1723701304874997,0.8067083482427954,0.862679344355433,0.8469851269979923,0.0156942173574407,-0.0035800829773386944,260,-1,0.7713448721118006,3.0853794884472023,0.9607535110314626,6.674823586405587e-05,0.0,-0.35800829773386944
0.9,4,1,956,0.14,0.1723701304874997,0.8067083482427954,0.8442358763961421,0.8374690661662652,0.006766810229876907,-0.0052389170481521585,20,-1,0.7713448721118006,3.0853794884472023,0.9607535110314626,0.0006977530341777394,0.0,-0.5238917048152159
