replication,method,threshold,final_value,ppo_fraction
0.0,raw,nan,0.5379966282837354,0.0
0.0,ppo,nan,0.5844258457688314,1.0
0.0,mse_oracle,nan,0.5775892323046968,0.6875
1.0,raw,nan,0.5865066197898031,0.0
1.0,ppo,nan,0.5186735923251301,1.0
1.0,mse_oracle,nan,0.5883388917690552,0.4375
2.0,raw,nan,0.3044630494774119,0.0
2.0,ppo,nan,0.5426104086624757,1.0
2.0,mse_oracle,nan,0.570229575895449,0.75
3.0,raw,nan,0.5414556951656899,0.0
3.0,ppo,nan,0.5761333668039788,1.0
3.0,mse_oracle,nan,0.5645232612902629,0.5
4.0,raw,nan,0.6013802046581849,0.0
4.0,ppo,nan,0.5871733305151352,1.0
4.0,mse_oracle,nan,0.5971169874094929,0.5
5.0,raw,nan,0.55880894888484,0.0
5.0,ppo,nan,0.5377941453363666,1.0
5.0,mse_oracle,nan,0.5763917070479498,0.625
6.0,raw,nan,0.5871143556870454,0.0
6.0,ppo,nan,0.5334563669993254,1.0
6.0,mse_oracle,nan,0.5865044723371364,0.625
7.0,raw,nan,0.4971215703711735,0.0
7.0,ppo,nan,0.5809997068870557,1.0
7.0,mse_oracle,nan,0.5683765826474076,0.75
8.0,raw,nan,0.5963834166924626,0.0
8.0,ppo,nan,0.5801068429881884,1.0
8.0,mse_oracle,nan,0.5722084453884254,0.5
9.0,raw,nan,0.5310831047742556,0.0
9.0,ppo,nan,0.5728893498935814,1.0
9.0,mse_oracle,nan,0.5546460196576402,0.6875
10.0,raw,nan,0.5996523238691931,0.0
10.0,ppo,nan,0.5786733633426493,1.0
10.0,mse_oracle,nan,0.5448260994347657,0.6875
11.0,raw,nan,0.5305377993615837,0.0
11.0,ppo,nan,0.5673566997490215,1.0
11.0,mse_oracle,nan,0.5696877764334942,0.75
12.0,raw,nan,0.5186907409462695,0.0
12.0,ppo,nan,0.5619854023852813,1.0
12.0,mse_oracle,nan,0.5692587065327643,0.6875
13.0,raw,nan,0.5380608876938636,0.0
13.0,ppo,nan,0.5478225258602748,1.0
13.0,mse_oracle,nan,0.5650100313000047,0.5625
14.0,raw,nan,0.5755206693125161,0.0
14.0,ppo,nan,0.5782052312054445,1.0
14.0,mse_oracle,nan,0.5845890682211051,0.5625
15.0,raw,nan,0.42656561273249954,0.0
15.0,ppo,nan,0.5302798654068508,1.0
15.0,mse_oracle,nan,0.575834528253922,0.75
16.0,raw,nan,0.5903127833051715,0.0
16.0,ppo,nan,0.47922649002006656,1.0
16.0,mse_oracle,nan,0.575558637387269,0.5625
17.0,raw,nan,0.4758689180468418,0.0
17.0,ppo,nan,0.5562722599322609,1.0
17.0,mse_oracle,nan,0.49600176165924187,0.5625
18.0,raw,nan,0.4436919898151739,0.0
18.0,ppo,nan,0.5708856903091468,1.0
18.0,mse_oracle,nan,0.5467252161395496,0.625
19.0,raw,nan,0.5720840935363379,0.0
19.0,ppo,nan,0.5797913319300845,1.0
19.0,mse_oracle,nan,0.5797849185521549,0.6875
20.0,raw,nan,0.5877340846958772,0.0
20.0,ppo,nan,0.45619386391482314,1.0
20.0,mse_oracle,nan,0.5411231371121825,0.5
21.0,raw,nan,0.5711474424494168,0.0
21.0,ppo,nan,0.5901150204052399,1.0
21.0,mse_oracle,nan,0.5957186881072061,0.625
22.0,raw,nan,0.5581214083164022,0.0
22.0,ppo,nan,0.5684722560407368,1.0
22.0,mse_oracle,nan,0.591867872039549,0.75
23.0,raw,nan,0.10723286487482882,0.0
23.0,ppo,nan,0.5628452788377243,1.0
23.0,mse_oracle,nan,0.5717744395935135,0.8125
24.0,raw,nan,0.5690922121274785,0.0
24.0,ppo,nan,0.5345659011961029,1.0
24.0,mse_oracle,nan,0.5593391082832047,0.5625
25.0,raw,nan,0.5242245126892379,0.0
25.0,ppo,nan,0.5326185126826817,1.0
25.0,mse_oracle,nan,0.5036285069561615,0.3125
26.0,raw,nan,0.42290509349115135,0.0
26.0,ppo,nan,0.5603009041002804,1.0
26.0,mse_oracle,nan,0.5732629429561366,0.5625
27.0,raw,nan,0.5428395991076757,0.0
27.0,ppo,nan,0.5550320690046008,1.0
27.0,mse_oracle,nan,0.5684734520048915,0.5625
28.0,raw,nan,0.5690477659517406,0.0
28.0,ppo,nan,0.5201345684767158,1.0
28.0,mse_oracle,nan,0.5550138081358635,0.75
29.0,raw,nan,0.5711416343777945,0.0
29.0,ppo,nan,0.5401124372526447,1.0
29.0,mse_oracle,nan,0.5828056582729174,0.5
30.0,raw,nan,0.565197904593667,0.0
30.0,ppo,nan,0.5505643584023312,1.0
30.0,mse_oracle,nan,0.5716607614713926,0.5625
31.0,raw,nan,0.59484536010066,0.0
31.0,ppo,nan,0.5499699729489183,1.0
31.0,mse_oracle,nan,0.5417209333672441,0.6875
32.0,raw,nan,0.5757457012829091,0.0
32.0,ppo,nan,0.5730935138673795,1.0
32.0,mse_oracle,nan,0.5978342035122558,0.5625
33.0,raw,nan,0.4477739688933499,0.0
33.0,ppo,nan,0.5575004421558005,1.0
33.0,mse_oracle,nan,0.5904569508669244,0.5625
34.0,raw,nan,0.5315661042112083,0.0
34.0,ppo,nan,0.5830818281408374,1.0
34.0,mse_oracle,nan,0.5678316666741755,0.625
35.0,raw,nan,0.5203149523349261,0.0
35.0,ppo,nan,0.5724706369960869,1.0
35.0,mse_oracle,nan,0.581121061681089,0.5625
36.0,raw,nan,0.5640324637340686,0.0
36.0,ppo,nan,0.5786267978001651,1.0
36.0,mse_oracle,nan,0.5863342557041514,0.6875
37.0,raw,nan,0.5673894055013783,0.0
37.0,ppo,nan,0.5273853280635162,1.0
37.0,mse_oracle,nan,0.5650128684129461,0.625
38.0,raw,nan,0.6243759485721033,0.0
38.0,ppo,nan,0.590296749714183,1.0
38.0,mse_oracle,nan,0.6018640468697666,0.5625
39.0,raw,nan,0.523101729689879,0.0
39.0,ppo,nan,0.5706796291880551,1.0
39.0,mse_oracle,nan,0.5939384848058891,0.5
40.0,raw,nan,0.5285612598115407,0.0
40.0,ppo,nan,0.5769793404679396,1.0
40.0,mse_oracle,nan,0.5593702576104004,0.625
41.0,raw,nan,0.5212607985048008,0.0
41.0,ppo,nan,0.5543046100808611,1.0
41.0,mse_oracle,nan,0.5823935676208993,0.6875
42.0,raw,nan,0.5699055298408641,0.0
42.0,ppo,nan,0.5776208922699825,1.0
42.0,mse_oracle,nan,0.5614192641647398,0.625
43.0,raw,nan,0.541768606805137,0.0
43.0,ppo,nan,0.5667893276803424,1.0
43.0,mse_oracle,nan,0.5326923658542214,0.5625
44.0,raw,nan,0.5243044640331423,0.0
44.0,ppo,nan,0.5731907107708467,1.0
44.0,mse_oracle,nan,0.5798629147239956,0.6875
45.0,raw,nan,0.3472002429890264,0.0
45.0,ppo,nan,0.555340320280176,1.0
45.0,mse_oracle,nan,0.5532795952744527,0.5625
46.0,raw,nan,0.45585853779630625,0.0
46.0,ppo,nan,0.5575162927478639,1.0
46.0,mse_oracle,nan,0.5570534587002895,0.5625
47.0,raw,nan,0.5316594466499354,0.0
47.0,ppo,nan,0.5775057387657517,1.0
47.0,mse_oracle,nan,0.6007078419887125,0.625
48.0,raw,nan,0.5278768118033296,0.0
48.0,ppo,nan,0.5389449824899577,1.0
48.0,mse_oracle,nan,0.5038821583160291,0.6875
49.0,raw,nan,0.43323099517892727,0.0
49.0,ppo,nan,0.527835666924863,1.0
49.0,mse_oracle,nan,0.50423322595787,0.75
50.0,raw,nan,0.5778228394185952,0.0
50.0,ppo,nan,0.5609914719085722,1.0
50.0,mse_oracle,nan,0.5835520659591917,0.625
51.0,raw,nan,0.5273461545003182,0.0
51.0,ppo,nan,0.543831022404578,1.0
51.0,mse_oracle,nan,0.5696502922379729,0.625
52.0,raw,nan,0.5344940437072498,0.0
52.0,ppo,nan,0.5732251738204228,1.0
52.0,mse_oracle,nan,0.5671011629896044,0.625
53.0,raw,nan,0.5735528947322304,0.0
53.0,ppo,nan,0.542520993494523,1.0
53.0,mse_oracle,nan,0.6001459029715859,0.6875
54.0,raw,nan,0.48733907392275916,0.0
54.0,ppo,nan,0.5537303861453184,1.0
54.0,mse_oracle,nan,0.5470872291209368,0.5625
55.0,raw,nan,0.43932231608570155,0.0
55.0,ppo,nan,0.581091587732983,1.0
55.0,mse_oracle,nan,0.5876397389739759,0.5625
56.0,raw,nan,0.561421391412287,0.0
56.0,ppo,nan,0.5866220896637772,1.0
56.0,mse_oracle,nan,0.5728283356257511,0.625
57.0,raw,nan,0.5333937155209066,0.0
57.0,ppo,nan,0.5713268530106662,1.0
57.0,mse_oracle,nan,0.5583453466070135,0.5
58.0,raw,nan,0.5467492579278888,0.0
58.0,ppo,nan,0.5626590428809514,1.0
58.0,mse_oracle,nan,0.5760055722999411,0.5625
59.0,raw,nan,0.5181380611403994,0.0
59.0,ppo,nan,0.5585605164822927,1.0
59.0,mse_oracle,nan,0.5289484990694057,0.6875
60.0,raw,nan,0.5130980672755496,0.0
60.0,ppo,nan,0.5693385196091163,1.0
60.0,mse_oracle,nan,0.5979622535574912,0.6875
61.0,raw,nan,0.40626169828312875,0.0
61.0,ppo,nan,0.556829863277934,1.0
61.0,mse_oracle,nan,0.5499872188917311,0.625
62.0,raw,nan,0.5776890570331303,0.0
62.0,ppo,nan,0.5726305289262241,1.0
62.0,mse_oracle,nan,0.5596528510573509,0.6875
63.0,raw,nan,0.6128079102757292,0.0
63.0,ppo,nan,0.5690274777981289,1.0
63.0,mse_oracle,nan,0.5794744564931827,0.6875
64.0,raw,nan,0.5676722241930409,0.0
64.0,ppo,nan,0.5558069811080372,1.0
64.0,mse_oracle,nan,0.5582638311152436,0.6875
65.0,raw,nan,0.5750739951691101,0.0
65.0,ppo,nan,0.5570060901371802,1.0
65.0,mse_oracle,nan,0.5686667819353618,0.6875
66.0,raw,nan,0.5928255659871299,0.0
66.0,ppo,nan,0.5710309074977122,1.0
66.0,mse_oracle,nan,0.5679357957481799,0.5625
67.0,raw,nan,0.4433706212279723,0.0
67.0,ppo,nan,0.5148336121040143,1.0
67.0,mse_oracle,nan,0.5600055026436599,0.75
68.0,raw,nan,0.49555378186268323,0.0
68.0,ppo,nan,0.5519747436832727,1.0
68.0,mse_oracle,nan,0.5556761660773561,0.75
69.0,raw,nan,0.5732968432330652,0.0
69.0,ppo,nan,0.5513180194431877,1.0
69.0,mse_oracle,nan,0.5955216568879479,0.5625
70.0,raw,nan,0.5942078306971537,0.0
70.0,ppo,nan,0.5463382772401839,1.0
70.0,mse_oracle,nan,0.5854349314982832,0.5625
71.0,raw,nan,0.49521173567867927,0.0
71.0,ppo,nan,0.5806777839697597,1.0
71.0,mse_oracle,nan,0.5944165970045932,0.6875
72.0,raw,nan,0.10160146817430644,0.0
72.0,ppo,nan,0.5760886957962345,1.0
72.0,mse_oracle,nan,0.5621403752235756,0.6875
73.0,raw,nan,0.531154966068308,0.0
73.0,ppo,nan,0.5474912097416523,1.0
73.0,mse_oracle,nan,0.5738388346296003,0.625
74.0,raw,nan,0.4412055124389047,0.0
74.0,ppo,nan,0.5673040012466695,1.0
74.0,mse_oracle,nan,0.5569908351017161,0.6875
75.0,raw,nan,0.5619318013486168,0.0
75.0,ppo,nan,0.5259180407766058,1.0
75.0,mse_oracle,nan,0.43604207747637835,0.8125
76.0,raw,nan,0.590081344971313,0.0
76.0,ppo,nan,0.5483277110273511,1.0
76.0,mse_oracle,nan,0.5579775294181124,0.625
77.0,raw,nan,0.5938317738328084,0.0
77.0,ppo,nan,0.5837506959085473,1.0
77.0,mse_oracle,nan,0.5814566223642245,0.625
78.0,raw,nan,0.5399449722364852,0.0
78.0,ppo,nan,0.5705537504486784,1.0
78.0,mse_oracle,nan,0.5874454812750005,0.5625
79.0,raw,nan,0.5660437439928887,0.0
79.0,ppo,nan,0.5634758142333127,1.0
79.0,mse_oracle,nan,0.560877076747661,0.5625
80.0,raw,nan,0.5524113445575463,0.0
80.0,ppo,nan,0.5691469007096642,1.0
80.0,mse_oracle,nan,0.5970996734915501,0.5625
81.0,raw,nan,0.1513365334717886,0.0
81.0,ppo,nan,0.5382301175442177,1.0
81.0,mse_oracle,nan,0.5839977391357118,0.8125
82.0,raw,nan,0.5995624593635969,0.0
82.0,ppo,nan,0.5577025597262285,1.0
82.0,mse_oracle,nan,0.5510293181793943,0.6875
83.0,raw,nan,0.5931612760602273,0.0
83.0,ppo,nan,0.5870304737712956,1.0
83.0,mse_oracle,nan,0.6057911695085645,0.625
84.0,raw,nan,0.5453889512550228,0.0
84.0,ppo,nan,0.5805741075829759,1.0
84.0,mse_oracle,nan,0.5914556001213004,0.5
85.0,raw,nan,0.5458458277374911,0.0
85.0,ppo,nan,0.5763676698161148,1.0
85.0,mse_oracle,nan,0.5901120937430386,0.6875
86.0,raw,nan,0.11598756923924883,0.0
86.0,ppo,nan,0.5823607158102988,1.0
86.0,mse_oracle,nan,0.5720579062292461,0.5625
87.0,raw,nan,0.5367536830934058,0.0
87.0,ppo,nan,0.47934388147563556,1.0
87.0,mse_oracle,nan,0.5632742753010069,0.5
88.0,raw,nan,0.49134832157549735,0.0
88.0,ppo,nan,0.5749264656650622,1.0
88.0,mse_oracle,nan,0.5597362539098699,0.75
89.0,raw,nan,0.28700195513832416,0.0
89.0,ppo,nan,0.582635476896511,1.0
89.0,mse_oracle,nan,0.5601313926254687,0.5625
90.0,raw,nan,0.5824712111562371,0.0
90.0,ppo,nan,0.5560371978879267,1.0
90.0,mse_oracle,nan,0.4864442296696387,0.5
91.0,raw,nan,0.5850542684895158,0.0
91.0,ppo,nan,0.5623143597283742,1.0
91.0,mse_oracle,nan,0.5879556099365717,0.6875
92.0,raw,nan,0.5915400699798843,0.0
92.0,ppo,nan,0.5403799326883708,1.0
92.0,mse_oracle,nan,0.5789899078030604,0.5625
93.0,raw,nan,0.5881895566791266,0.0
93.0,ppo,nan,0.585005016957164,1.0
93.0,mse_oracle,nan,0.5790126409903463,0.6875
94.0,raw,nan,0.4169255644794326,0.0
94.0,ppo,nan,0.554016026305693,1.0
94.0,mse_oracle,nan,0.5537627340492559,0.8125
95.0,raw,nan,0.5458008539846055,0.0
95.0,ppo,nan,0.5507108113104572,1.0
95.0,mse_oracle,nan,0.5632075306258125,0.6875
96.0,raw,nan,0.558307363324146,0.0
96.0,ppo,nan,0.5251921705889367,1.0
96.0,mse_oracle,nan,0.5483096827446271,0.6875
97.0,raw,nan,0.5635930286390168,0.0
97.0,ppo,nan,0.553279320236913,1.0
97.0,mse_oracle,nan,0.5856579263587861,0.5625
98.0,raw,nan,0.4992337667388265,0.0
98.0,ppo,nan,0.5665589909734681,1.0
98.0,mse_oracle,nan,0.5796674333836339,0.75
99.0,raw,nan,0.6250330146501936,0.0
99.0,ppo,nan,0.5778333344764637,1.0
99.0,mse_oracle,nan,0.5942125291867552,0.625
