state_id,state_order,replication,rollout_cycle,minibatch,trajectory,population_rho,mean_sample_rho,signal_sq,current_value,oracle_change,exact_raw_risk,exact_ppo_risk,oracle_ppo,raw_mse,raw_mse_se,raw_relative_mse,raw_mean_change,raw_harm_rate,ppo_mse,ppo_mse_se,ppo_relative_mse,ppo_mean_change,ppo_harm_rate
485.0,1.0,5.0,1.0,40.0,raw,0.28219594264867676,0.6746337374039559,0.04739439406080139,0.23342411050281145,0.008018920998224294,0.4873061478414748,0.3996293149108936,1.0,0.482985725418909,0.07484227098144339,10.190777516836603,0.004681328716773647,0.4,0.38919638571249626,0.06479645105153099,8.21186542047997,0.008636318743513232,0.175
125.0,2.0,1.0,11.0,40.0,raw,0.5265602755461736,0.8339629496439261,0.016092408560705852,0.6265753473498653,0.002688692359505529,2.076592104986838,1.798349493952443,1.0,0.60044400640268,0.13136287969015095,37.3122521801263,-0.0006851598009653375,0.575,0.4027439708531265,0.12868894680616835,25.02695412770835,0.00030806052117625106,0.3
869.0,3.0,9.0,1.0,40.0,raw,0.6612739020302316,0.7606771603093737,0.01287069077282909,0.3202002573280044,0.002169394029793159,0.5508439641518654,0.32805115788356654,1.0,0.5604029317045034,0.06895981335756024,43.54101435546509,0.0012145782688811446,0.35,0.3158331668163413,0.03055358159691959,24.53894452060699,0.001845748731252847,0.3
706.0,4.0,7.0,15.0,30.0,raw,0.7110142048943918,0.8543487750297721,0.013302383670046044,0.6704151671862844,0.0022180306174069964,1.371064078662029,1.261010163376102,1.0,1.026087412888627,0.42010793494969706,77.13560504191017,-0.0012389070136836684,0.6,0.9429468620021149,0.42472741932110436,70.88555595681831,-0.00043401170477000705,0.225
207.0,5.0,2.0,5.0,20.0,raw,0.7458345104539723,0.836561156832045,0.017884597392599545,0.4454012085215101,0.0029963260993097207,1.1150822507925595,0.9175349033989841,1.0,1.0355857647217839,0.43892846172764366,57.90377842949365,0.00019546821177670315,0.4,0.9041818521567103,0.4406375719419541,50.55645549677574,0.00043047271679009375,0.325
584.0,6.0,6.0,3.0,10.0,raw,0.7742029634707913,0.8763969058301969,0.010800960022943179,0.39563772435673716,0.001820251924467442,0.951765425140614,0.6638745335557877,1.0,1.553932723025039,0.7132124565144852,143.86987080076278,6.250990210672353e-05,0.275,1.3058519594372417,0.7088741714561019,120.90147141211315,-0.0003134098729531659,0.325
893.0,7.0,9.0,11.0,40.0,raw,0.8006353216298469,0.8764467964436864,0.017378552601734255,0.5348327419693156,0.0029340966039825833,0.6980485712717717,0.5736397939455735,1.0,0.4986904474557862,0.11763996100573156,28.6957411750171,0.0017984259443668243,0.25,0.3463471666283404,0.10891230047858623,19.929574951700953,0.0015316795250161276,0.15
111.0,8.0,1.0,5.0,20.0,raw,0.8181264977998904,0.9115106429166329,0.01198928056090105,0.46399401755794084,0.0020149982056504867,0.9010601610554461,0.5941475492277282,1.0,1.111605567147192,0.21188445648721352,92.71661977552803,-0.0013699218964067562,0.6,0.48118172165771805,0.14095385842315822,40.13432826210842,-0.0012939086359978439,0.525
909.0,9.0,9.0,25.0,20.0,raw,0.8394765069973272,0.9194849271765045,0.008465979436154944,0.6623099508478398,0.0014208738129174447,0.44738110732178543,0.32183501671706266,1.0,0.27253969978378095,0.06979952781505855,32.19234133972363,0.0013228096376422943,0.15,0.14997127815007041,0.05259456448799881,17.714580962670514,0.00043206142261975334,0.175
335.0,10.0,3.0,25.0,40.0,raw,0.857733522762476,0.9263316795008937,0.006583595703590911,0.7267673577856699,0.0011141432242897098,0.7606847672206493,0.6730114906747547,1.0,0.4113167467311175,0.1198127159624007,62.4760032738298,0.0005734353060923181,0.275,0.35916048602646305,0.119212389007868,54.55384902061423,0.0009945470357725582,0.2
520.0,11.0,5.0,20.0,30.0,raw,0.8731479378362552,0.9379674640851274,0.01940005310468579,0.6996980291161066,0.0032277571157240947,0.8440273164569035,0.7648295258584993,1.0,1.1075654775263803,0.38939474663450646,57.09084771829127,0.001425095496450282,0.325,1.0148713307616946,0.3894580788972145,52.31281199516756,0.0020541737160482214,0.225
904.0,12.0,9.0,20.0,30.0,raw,0.8862708285004415,0.9206720074263274,0.009500670444799662,0.6586963941454622,0.001593330852938557,0.7428387267229055,0.5763908317683757,1.0,1.6999107057976637,0.6951047824499912,178.92534170871446,0.0009412059610075213,0.325,1.5055490708214332,0.6962570798609661,158.46766599987885,0.00042180856335007066,0.325
185.0,13.0,1.0,20.0,40.0,ppo,0.8961003685347765,0.9267300588988459,0.011389521182356746,0.6924352492337121,0.0019036272610315486,0.8816961181419934,0.6831954388065288,1.0,1.2047518142896716,0.301078163840809,105.77721354572182,-0.0008595599674246724,0.425,1.064089381573573,0.30810645374023393,93.42705145690674,-0.000447602437442704,0.325
939.0,14.0,9.0,11.0,20.0,ppo,0.9083740672432916,0.9338716457534388,0.009976493802526711,0.6160605618367141,0.001672275385390054,0.8773156741445814,0.7059860208895848,1.0,0.7877451383596374,0.16888453684884783,78.9601190510566,-0.00021966805411579026,0.45,0.6612695237731061,0.17001313004188398,66.2827579370248,-0.00017199352901084707,0.35
734.0,15.0,7.0,5.0,10.0,ppo,0.9171714556401026,0.9448353276526724,0.01435812320382647,0.4321078460288057,0.0024203371479851743,0.7322376861401504,0.5606424403556421,1.0,0.849466966428498,0.0889999289552817,59.162813577342284,0.0012132342988958127,0.3,0.6877945207162436,0.08475645703409525,47.90281507912851,0.0020256238297128555,0.175
760.0,16.0,7.0,20.0,30.0,ppo,0.9218530245567118,0.9464124352362404,0.010381343146142346,0.7251021064067628,0.0017378269474229713,0.770102218458792,0.6754765972713374,1.0,0.5976816755242851,0.10694958054141156,57.57267312239655,-0.00045892063400745085,0.45,0.46739488745024094,0.10150576780353322,45.022583385457445,3.865972260504724e-05,0.35
747.0,17.0,7.0,11.0,20.0,ppo,0.9270903850057391,0.9531629468488738,0.024006628930914965,0.5929256872775999,0.004020519324239857,0.7635271606533828,0.6744169472504796,1.0,0.7613832387816714,0.11322429784504741,31.71554161030858,0.002064127546203526,0.35,0.6607626129792493,0.11368396921971827,27.52417321402175,0.0032678955989802806,0.25
922.0,18.0,9.0,3.0,30.0,ppo,0.930443235896491,0.9501681655240087,0.010161872308309283,0.3881964256190328,0.0017227405322016165,0.5334283259752687,0.38604269344716113,1.0,0.5099999522826707,0.03136433188622161,50.18759701060677,0.00040925019879915064,0.425,0.35682603260264917,0.02798437674164005,35.114201573943745,0.000570814645873896,0.3
830.0,19.0,8.0,5.0,10.0,ppo,0.933798995098317,0.950189354080862,0.013615974764817724,0.444779587693808,0.0022888120526592948,0.6015202784382047,0.5032705749766501,1.0,0.5913571853756012,0.06069815881431951,43.4311311228049,0.0006533809170507443,0.325,0.4631743545482762,0.058089004439998065,34.016980976277296,0.001756875806764789,0.225
631.0,20.0,6.0,3.0,5.0,ppo,0.9364190654421576,0.9557467652123821,0.01265913649999385,0.3545107714701277,0.0021438597534529924,0.6670008709554442,0.5250456617990982,1.0,0.6143225856895035,0.04775818752616941,48.52800075975182,0.0003582755226454834,0.525,0.4345340539962791,0.04068213128964365,34.32572624495282,0.001315885108131215,0.275
285.0,21.0,2.0,25.0,20.0,ppo,0.9388520895498567,0.9720916135484501,0.0066831001852264505,0.7102002332635667,0.0011189817496410903,0.5896308608409588,0.5196913921475573,1.0,0.5747336373821956,0.1283282171592429,85.99805800497981,-0.0001879244789812412,0.475,0.546542941806408,0.12796927542099493,81.7798516644396,-5.009622406304537e-05,0.425
945.0,22.0,9.0,15.0,20.0,ppo,0.9406526513111307,0.9495936824869187,0.004126171142798265,0.6721828753552576,0.0006952500043884147,0.6987963132877737,0.5768098305637177,1.0,0.7295679498510361,0.14350636473875086,176.8147574596873,-0.0013675877968813172,0.75,0.5463058302405217,0.14579218337388697,132.40018684005213,-0.0005610599432219448,0.525
857.0,23.0,8.0,20.0,40.0,ppo,0.9440153644751487,0.962258117095724,0.009848570003968281,0.6895805110548238,0.0016510366311971447,0.6432527671920948,0.5572178127805799,1.0,0.5385021436504587,0.10109996887838942,54.67820642321476,0.0008800125985400725,0.4,0.45957115230270534,0.10240785187383843,46.66374429156014,0.0014970694487994375,0.275
646.0,24.0,6.0,8.0,30.0,ppo,0.9464884923887568,0.9573799982193867,0.010367288695898157,0.5576494453122254,0.0017447924847537877,0.6726840932077585,0.5172702018184346,1.0,0.5801584649255715,0.05134337623467915,55.96048127367309,0.00022995278435455346,0.4,0.4451917701050114,0.05268950933680285,42.94196710092125,0.0011079141187561232,0.3
1004.0,25.0,10.0,25.0,10.0,raw,0.948031372493407,0.971836437497165,0.015198666594404789,0.6348648559808846,0.0025699546680053587,0.441733190008772,0.34283512570512975,1.0,0.43041634527975514,0.11305574433922094,28.31934910909934,0.0027193896799744544,0.225,0.386510866886423,0.11199730985621054,25.430577378986158,0.0021974432375551746,0.25
745.0,26.0,7.0,11.0,5.0,ppo,0.9506108934020554,0.9578701802258489,0.010819594686262325,0.6016303212740023,0.0018271253396444642,0.6725726462823697,0.5713140340236411,1.0,0.7220363218751006,0.10845173289153151,66.7341377206923,-0.0004939947346573853,0.45,0.6172312511142862,0.10505517425773009,57.04753911881623,-9.049027894272866e-06,0.375
821.0,27.0,8.0,1.0,40.0,ppo,0.9527602308992889,0.9646962077408162,0.010283679151144653,0.30706315374377086,0.0017484339819283101,0.564755776689424,0.3378213514043329,1.0,0.5359976883419101,0.0370914642794011,52.12119908294196,0.0009619427024467428,0.325,0.323909821660599,0.030270648711504394,31.497464759443154,0.00023458391165304682,0.5
271.0,28.0,2.0,15.0,5.0,ppo,0.9544230909307294,0.9686122368907905,0.008190652375357484,0.6309968862637844,0.0013752941483538006,0.5834803738136597,0.4818432791894415,1.0,0.527679677175228,0.08852748559428038,64.42462126250318,-8.609524661724321e-05,0.425,0.4903602320704552,0.08922525456810665,59.86827539473658,-7.121414979007756e-05,0.425
1125.0,29.0,11.0,8.0,20.0,ppo,0.9565937874259046,0.964955960546291,0.0067771771876087876,0.5597171130190614,0.0011440461577552075,0.7445139092370832,0.5445141588771311,1.0,0.831033490363799,0.10906175263095581,122.6223643500481,-0.0003718345038751708,0.475,0.5894155909444654,0.1050331240279823,86.97066265614795,-0.00034951714912920815,0.475
668.0,30.0,6.0,25.0,10.0,ppo,0.9591937833784976,0.9690611888862393,0.011255184788850717,0.7427838743352232,0.0018841020743451953,0.6429788587257742,0.5510125757927197,1.0,0.8656322413234347,0.13180942329749087,76.90964276134517,-0.00013746633967698098,0.375,0.7641764526116812,0.13641007254278792,67.89550477826604,0.00016135250058280648,0.325
337.0,31.0,3.0,1.0,5.0,ppo,0.9617335134911204,0.9701767024717369,0.009283637505800253,0.2715236237596013,0.001579966751044437,0.5463671739400194,0.4834404899045421,1.0,0.5180981448559934,0.031926023838808965,55.80766639501971,0.0008542223794308773,0.35,0.4279356542475091,0.031187998966910182,46.09568759876099,0.0008832646917025594,0.275
535.0,32.0,5.0,3.0,5.0,ppo,0.9647580970457218,0.9725165056022547,0.01414137622279733,0.3353674427284456,0.0023948733385150134,0.6128499726673148,0.5474333974748732,1.0,0.5859621734953433,0.040173232051832986,41.436007660323256,0.000895597970550463,0.35,0.5261735723263343,0.04031028083262118,37.20808809810811,0.0013648844794011863,0.3
350.0,33.0,3.0,5.0,10.0,ppo,0.9668913554057508,0.9760946516264187,0.01233205508317544,0.4427728385530109,0.0020830023057766267,0.5855416081568593,0.5031438049861366,1.0,0.6075295145480126,0.0578969046937596,49.26425566950816,0.0013865359716885405,0.3,0.5453236102250872,0.057902827295096264,44.22001090224365,0.0017576320460372385,0.225
958.0,34.0,9.0,25.0,30.0,ppo,0.9696831668901187,0.9743782013303406,0.0041236745558072075,0.7272775816467977,0.0006924962769018217,0.48642001549160035,0.402400108705035,1.0,0.541539939264505,0.10960836481708774,131.3246067155993,-0.0008389139782873839,0.425,0.43020842483888605,0.10672072500067109,104.32647363818771,-0.0011355492862366507,0.525
943.0,35.0,9.0,15.0,5.0,ppo,0.9726597463065415,0.9772714183478302,0.008234522266555922,0.6613407695138938,0.0013780851331518518,0.6314632373896298,0.5298767908621611,1.0,0.6456237763316321,0.11281927437963644,78.40452128641378,8.712934795850336e-05,0.375,0.5329899285971492,0.10914865924506909,64.72627207067734,5.835470158359613e-05,0.425
1087.0,36.0,11.0,15.0,5.0,raw,0.9754730513555258,0.9798453284864719,0.006076904718609992,0.6973099271786258,0.0010161413171265732,0.5263188140081115,0.4700159227750179,1.0,0.42357500991015035,0.069358017938226,69.70242739087034,0.0001092332590699241,0.325,0.35780801891977176,0.06886778986659019,58.879978457456446,-5.954856920375728e-05,0.35
913.0,37.0,9.0,1.0,5.0,ppo,0.9799663062421848,0.9846554424253224,0.00927889242500653,0.26921168369997855,0.0015788063271023889,0.5469118552588093,0.49502626757023716,1.0,0.5259044325048077,0.03023658125560995,56.67750076372262,0.0010093506077383616,0.25,0.4845397719106094,0.03052770230096241,52.219569935392194,0.0008543781262903199,0.3
619.0,38.0,6.0,25.0,5.0,raw,0.9839483886373215,0.9903713170224101,0.015001311208690322,0.7346713178289132,0.0024976553053631667,0.5850783896556739,0.5411136702597306,1.0,0.7519578082508299,0.1197151637041603,50.12613882813241,0.001864786844888508,0.275,0.7214315366241177,0.1201406032891645,48.091231932191995,0.00184968697690554,0.25
853.0,39.0,8.0,20.0,5.0,ppo,0.9904997213661189,0.9919034034278882,0.008913947221835708,0.6855265549423031,0.001498290279270842,0.5419197656636304,0.5138201516910202,1.0,0.7543130524361314,0.10594587095711909,84.6216646412666,-0.0007692871105950156,0.6,0.682275479283373,0.10692378718713405,76.54021975944204,-5.736877676999763e-05,0.525
229.0,40.0,2.0,20.0,5.0,raw,0.9985292483016102,0.9987236446136144,0.006746050985963696,0.7044231435033655,0.0011331028163231727,0.4465345743532853,0.44103841041775693,1.0,0.6385011798793074,0.08941436640236354,94.64814025387852,0.00018044391478138077,0.25,0.6385011798793074,0.08941436640236354,94.64814025387852,0.00018044391478138077,0.25
120.0,41.0,1.0,11.0,1.0,raw,1.0,1.0,0.008438681097574662,0.6001693563534475,0.0014248286588341985,0.568022705758468,0.568022705758468,0.0,0.6988084407110653,0.08377695079440872,82.81014919640795,-0.00028852354830605773,0.425,0.6988084407110653,0.08377695079440872,82.81014919640795,-0.00028852354830605773,0.425
264.0,42.0,2.0,11.0,1.0,ppo,1.0,1.0,0.00555612338793622,0.6005556089575965,0.000937657914647394,0.5886626985338032,0.5886626985338032,0.0,0.6815607005111947,0.08616588483825562,122.66838817709468,-0.000958989343762287,0.5,0.6815607005111947,0.08616588483825562,122.66838817709468,-0.000958989343762287,0.5
414.0,43.0,4.0,15.0,1.0,raw,1.0,1.0,0.03004740264528044,0.6156916943003757,0.0049955446258084235,0.47314068858205516,0.47314068858205516,0.0,0.48764311434060736,0.0929920868288642,16.22912702629895,0.004507966888331988,0.2,0.48764311434060736,0.0929920868288642,16.22912702629895,0.004507966888331988,0.2
558.0,44.0,5.0,15.0,1.0,ppo,1.0,1.0,0.01923566510971542,0.6387589515287238,0.003192800994418099,0.582029751202546,0.582029751202546,0.0,0.5512528172646757,0.09103215114876155,28.657850618653818,0.0024216875589665537,0.275,0.5512528172646757,0.09103215114876155,28.657850618653818,0.0024216875589665537,0.275
708.0,45.0,7.0,20.0,1.0,raw,1.0,1.0,0.03481441105920161,0.6682762977095481,0.005768634378004234,0.4585232550129976,0.4585232550129976,0.0,0.4632046702402324,0.06082905146717141,13.304969297126892,0.004992907836237068,0.3,0.4632046702402324,0.06082905146717141,13.304969297126892,0.004992907836237068,0.3
852.0,46.0,8.0,20.0,1.0,ppo,1.0,1.0,0.00711154846806133,0.6913574772480161,0.0011939976612266312,0.5093994973971671,0.5093994973971671,0.0,0.5052678169270132,0.1000511280923089,71.04891701100276,-0.0001871897332756306,0.475,0.5052678169270132,0.1000511280923089,71.04891701100276,-0.0001871897332756306,0.475
1002.0,47.0,10.0,25.0,1.0,raw,1.0,1.0,0.01364429493550669,0.6335890297505904,0.002306337224374899,0.3091283810240796,0.3091283810240796,0.0,0.18236506605073097,0.03928710865494674,13.365664324373439,0.0011506526396329376,0.25,0.18236506605073097,0.03928710865494674,13.365664324373439,0.0011506526396329376,0.25
1146.0,48.0,11.0,25.0,1.0,ppo,1.0,1.0,0.010174971200329624,0.7515912407054048,0.0017022677786275864,0.5191914791717273,0.5191914791717273,0.0,0.5300215695063282,0.0687842661930065,52.09071938101975,0.000268282884948326,0.4,0.5300215695063282,0.0687842661930065,52.09071938101975,0.000268282884948326,0.4
