checkpoint_id,selection_bin,blocks_per_estimator,sequences_per_estimator,population_sequence_ess,method,selected_ppo,agrees_with_formula_oracle,heldout_gradient_mse,evaluation_draws
2.0,1.0,1.0,128.0,4.0801509632285453e-05,Raw,0.0,0.0,0.23918123505340447,100.0
2.0,1.0,1.0,128.0,4.0801509632285453e-05,PPO masked,1.0,1.0,0.23009645039204735,100.0
2.0,1.0,1.0,128.0,4.0801509632285453e-05,Formula oracle,1.0,1.0,0.23009645039204735,100.0
2.0,1.0,1.0,128.0,4.0801509632285453e-05,Fitted ESS,1.0,1.0,0.23009645039204735,100.0
2.0,1.0,1.0,128.0,4.0801509632285453e-05,Effective-count transfer,1.0,1.0,0.23009645039204735,100.0
2.0,1.0,1.0,128.0,4.0801509632285453e-05,Fixed ESS 0.1,1.0,1.0,0.23009645039204735,100.0
2.0,1.0,2.0,256.0,4.0801509632285453e-05,Raw,0.0,0.0,0.1295572938809878,100.0
2.0,1.0,2.0,256.0,4.0801509632285453e-05,PPO masked,1.0,1.0,0.12371281067130115,100.0
2.0,1.0,2.0,256.0,4.0801509632285453e-05,Formula oracle,1.0,1.0,0.12371281067130115,100.0
2.0,1.0,2.0,256.0,4.0801509632285453e-05,Fitted ESS,1.0,1.0,0.12371281067130115,100.0
2.0,1.0,2.0,256.0,4.0801509632285453e-05,Effective-count transfer,1.0,1.0,0.12371281067130115,100.0
2.0,1.0,2.0,256.0,4.0801509632285453e-05,Fixed ESS 0.1,1.0,1.0,0.12371281067130115,100.0
2.0,1.0,4.0,512.0,4.0801509632285453e-05,Raw,0.0,0.0,0.11183281485659698,100.0
2.0,1.0,4.0,512.0,4.0801509632285453e-05,PPO masked,1.0,1.0,0.10798665283250601,100.0
2.0,1.0,4.0,512.0,4.0801509632285453e-05,Formula oracle,1.0,1.0,0.10798665283250601,100.0
2.0,1.0,4.0,512.0,4.0801509632285453e-05,Fitted ESS,1.0,1.0,0.10798665283250601,100.0
2.0,1.0,4.0,512.0,4.0801509632285453e-05,Effective-count transfer,1.0,1.0,0.10798665283250601,100.0
2.0,1.0,4.0,512.0,4.0801509632285453e-05,Fixed ESS 0.1,1.0,1.0,0.10798665283250601,100.0
2.0,1.0,8.0,1024.0,4.0801509632285453e-05,Raw,0.0,0.0,0.03758731699676543,100.0
2.0,1.0,8.0,1024.0,4.0801509632285453e-05,PPO masked,1.0,1.0,0.036396982511252306,100.0
2.0,1.0,8.0,1024.0,4.0801509632285453e-05,Formula oracle,1.0,1.0,0.036396982511252306,100.0
2.0,1.0,8.0,1024.0,4.0801509632285453e-05,Fitted ESS,0.0,0.0,0.03758731699676543,100.0
2.0,1.0,8.0,1024.0,4.0801509632285453e-05,Effective-count transfer,1.0,1.0,0.036396982511252306,100.0
2.0,1.0,8.0,1024.0,4.0801509632285453e-05,Fixed ESS 0.1,1.0,1.0,0.036396982511252306,100.0
3.0,1.0,1.0,128.0,3.534296787816869e-05,Raw,0.0,0.0,0.1846161832866949,100.0
3.0,1.0,1.0,128.0,3.534296787816869e-05,PPO masked,1.0,1.0,0.17374446796723222,100.0
3.0,1.0,1.0,128.0,3.534296787816869e-05,Formula oracle,1.0,1.0,0.17374446796723222,100.0
3.0,1.0,1.0,128.0,3.534296787816869e-05,Fitted ESS,1.0,1.0,0.17374446796723222,100.0
3.0,1.0,1.0,128.0,3.534296787816869e-05,Effective-count transfer,1.0,1.0,0.17374446796723222,100.0
3.0,1.0,1.0,128.0,3.534296787816869e-05,Fixed ESS 0.1,1.0,1.0,0.17374446796723222,100.0
3.0,1.0,2.0,256.0,3.534296787816869e-05,Raw,0.0,0.0,139.06374227171173,100.0
3.0,1.0,2.0,256.0,3.534296787816869e-05,PPO masked,1.0,1.0,139.11266052856305,100.0
3.0,1.0,2.0,256.0,3.534296787816869e-05,Formula oracle,1.0,1.0,139.11266052856305,100.0
3.0,1.0,2.0,256.0,3.534296787816869e-05,Fitted ESS,1.0,1.0,139.11266052856305,100.0
3.0,1.0,2.0,256.0,3.534296787816869e-05,Effective-count transfer,1.0,1.0,139.11266052856305,100.0
3.0,1.0,2.0,256.0,3.534296787816869e-05,Fixed ESS 0.1,1.0,1.0,139.11266052856305,100.0
3.0,1.0,4.0,512.0,3.534296787816869e-05,Raw,0.0,0.0,34.761717931637534,100.0
3.0,1.0,4.0,512.0,3.534296787816869e-05,PPO masked,1.0,1.0,34.77890022467267,100.0
3.0,1.0,4.0,512.0,3.534296787816869e-05,Formula oracle,1.0,1.0,34.77890022467267,100.0
3.0,1.0,4.0,512.0,3.534296787816869e-05,Fitted ESS,1.0,1.0,34.77890022467267,100.0
3.0,1.0,4.0,512.0,3.534296787816869e-05,Effective-count transfer,1.0,1.0,34.77890022467267,100.0
3.0,1.0,4.0,512.0,3.534296787816869e-05,Fixed ESS 0.1,1.0,1.0,34.77890022467267,100.0
3.0,1.0,8.0,1024.0,3.534296787816869e-05,Raw,0.0,1.0,8.778998002820309,100.0
3.0,1.0,8.0,1024.0,3.534296787816869e-05,PPO masked,1.0,0.0,8.782394005849188,100.0
3.0,1.0,8.0,1024.0,3.534296787816869e-05,Formula oracle,0.0,1.0,8.778998002820309,100.0
3.0,1.0,8.0,1024.0,3.534296787816869e-05,Fitted ESS,0.0,1.0,8.778998002820309,100.0
3.0,1.0,8.0,1024.0,3.534296787816869e-05,Effective-count transfer,1.0,0.0,8.782394005849188,100.0
3.0,1.0,8.0,1024.0,3.534296787816869e-05,Fixed ESS 0.1,1.0,0.0,8.782394005849188,100.0
4.0,1.0,1.0,128.0,0.0020349211003165353,Raw,0.0,0.0,0.07745588448122835,100.0
4.0,1.0,1.0,128.0,0.0020349211003165353,PPO masked,1.0,1.0,0.06587161983784869,100.0
4.0,1.0,1.0,128.0,0.0020349211003165353,Formula oracle,1.0,1.0,0.06587161983784869,100.0
4.0,1.0,1.0,128.0,0.0020349211003165353,Fitted ESS,1.0,1.0,0.06587161983784869,100.0
4.0,1.0,1.0,128.0,0.0020349211003165353,Effective-count transfer,1.0,1.0,0.06587161983784869,100.0
4.0,1.0,1.0,128.0,0.0020349211003165353,Fixed ESS 0.1,1.0,1.0,0.06587161983784869,100.0
4.0,1.0,2.0,256.0,0.0020349211003165353,Raw,0.0,0.0,0.030790561332962284,100.0
4.0,1.0,2.0,256.0,0.0020349211003165353,PPO masked,1.0,1.0,0.023773202643610433,100.0
4.0,1.0,2.0,256.0,0.0020349211003165353,Formula oracle,1.0,1.0,0.023773202643610433,100.0
4.0,1.0,2.0,256.0,0.0020349211003165353,Fitted ESS,1.0,1.0,0.023773202643610433,100.0
4.0,1.0,2.0,256.0,0.0020349211003165353,Effective-count transfer,1.0,1.0,0.023773202643610433,100.0
4.0,1.0,2.0,256.0,0.0020349211003165353,Fixed ESS 0.1,1.0,1.0,0.023773202643610433,100.0
4.0,1.0,4.0,512.0,0.0020349211003165353,Raw,0.0,0.0,0.016172006849483042,100.0
4.0,1.0,4.0,512.0,0.0020349211003165353,PPO masked,1.0,1.0,0.012349684379675105,100.0
4.0,1.0,4.0,512.0,0.0020349211003165353,Formula oracle,1.0,1.0,0.012349684379675105,100.0
4.0,1.0,4.0,512.0,0.0020349211003165353,Fitted ESS,1.0,1.0,0.012349684379675105,100.0
4.0,1.0,4.0,512.0,0.0020349211003165353,Effective-count transfer,1.0,1.0,0.012349684379675105,100.0
4.0,1.0,4.0,512.0,0.0020349211003165353,Fixed ESS 0.1,1.0,1.0,0.012349684379675105,100.0
4.0,1.0,8.0,1024.0,0.0020349211003165353,Raw,0.0,0.0,0.030010496610742045,100.0
4.0,1.0,8.0,1024.0,0.0020349211003165353,PPO masked,1.0,1.0,0.02806698068961119,100.0
4.0,1.0,8.0,1024.0,0.0020349211003165353,Formula oracle,1.0,1.0,0.02806698068961119,100.0
4.0,1.0,8.0,1024.0,0.0020349211003165353,Fitted ESS,0.0,0.0,0.030010496610742045,100.0
4.0,1.0,8.0,1024.0,0.0020349211003165353,Effective-count transfer,1.0,1.0,0.02806698068961119,100.0
4.0,1.0,8.0,1024.0,0.0020349211003165353,Fixed ESS 0.1,1.0,1.0,0.02806698068961119,100.0
6.0,1.0,1.0,128.0,0.017426085246850555,Raw,0.0,0.0,0.10868213288305589,100.0
6.0,1.0,1.0,128.0,0.017426085246850555,PPO masked,1.0,1.0,0.004647151181155041,100.0
6.0,1.0,1.0,128.0,0.017426085246850555,Formula oracle,1.0,1.0,0.004647151181155041,100.0
6.0,1.0,1.0,128.0,0.017426085246850555,Fitted ESS,1.0,1.0,0.004647151181155041,100.0
6.0,1.0,1.0,128.0,0.017426085246850555,Effective-count transfer,1.0,1.0,0.004647151181155041,100.0
6.0,1.0,1.0,128.0,0.017426085246850555,Fixed ESS 0.1,1.0,1.0,0.004647151181155041,100.0
6.0,1.0,2.0,256.0,0.017426085246850555,Raw,0.0,0.0,0.09381864690434957,100.0
6.0,1.0,2.0,256.0,0.017426085246850555,PPO masked,1.0,1.0,0.0038508892771041197,100.0
6.0,1.0,2.0,256.0,0.017426085246850555,Formula oracle,1.0,1.0,0.0038508892771041197,100.0
6.0,1.0,2.0,256.0,0.017426085246850555,Fitted ESS,1.0,1.0,0.0038508892771041197,100.0
6.0,1.0,2.0,256.0,0.017426085246850555,Effective-count transfer,1.0,1.0,0.0038508892771041197,100.0
6.0,1.0,2.0,256.0,0.017426085246850555,Fixed ESS 0.1,1.0,1.0,0.0038508892771041197,100.0
6.0,1.0,4.0,512.0,0.017426085246850555,Raw,0.0,0.0,0.045036535865963144,100.0
6.0,1.0,4.0,512.0,0.017426085246850555,PPO masked,1.0,1.0,0.0035711352670133633,100.0
6.0,1.0,4.0,512.0,0.017426085246850555,Formula oracle,1.0,1.0,0.0035711352670133633,100.0
6.0,1.0,4.0,512.0,0.017426085246850555,Fitted ESS,1.0,1.0,0.0035711352670133633,100.0
6.0,1.0,4.0,512.0,0.017426085246850555,Effective-count transfer,1.0,1.0,0.0035711352670133633,100.0
6.0,1.0,4.0,512.0,0.017426085246850555,Fixed ESS 0.1,1.0,1.0,0.0035711352670133633,100.0
6.0,1.0,8.0,1024.0,0.017426085246850555,Raw,0.0,1.0,0.028734980793636854,100.0
6.0,1.0,8.0,1024.0,0.017426085246850555,PPO masked,1.0,0.0,0.0033840473286326504,100.0
6.0,1.0,8.0,1024.0,0.017426085246850555,Formula oracle,0.0,1.0,0.028734980793636854,100.0
6.0,1.0,8.0,1024.0,0.017426085246850555,Fitted ESS,0.0,1.0,0.028734980793636854,100.0
6.0,1.0,8.0,1024.0,0.017426085246850555,Effective-count transfer,1.0,0.0,0.0033840473286326504,100.0
6.0,1.0,8.0,1024.0,0.017426085246850555,Fixed ESS 0.1,1.0,0.0,0.0033840473286326504,100.0
9.0,2.0,1.0,128.0,0.05967202096628819,Raw,0.0,0.0,0.038476358970138645,100.0
9.0,2.0,1.0,128.0,0.05967202096628819,PPO masked,1.0,1.0,0.02417337850217833,100.0
9.0,2.0,1.0,128.0,0.05967202096628819,Formula oracle,1.0,1.0,0.02417337850217833,100.0
9.0,2.0,1.0,128.0,0.05967202096628819,Fitted ESS,1.0,1.0,0.02417337850217833,100.0
9.0,2.0,1.0,128.0,0.05967202096628819,Effective-count transfer,1.0,1.0,0.02417337850217833,100.0
9.0,2.0,1.0,128.0,0.05967202096628819,Fixed ESS 0.1,1.0,1.0,0.02417337850217833,100.0
9.0,2.0,2.0,256.0,0.05967202096628819,Raw,0.0,0.0,0.01906878274851652,100.0
9.0,2.0,2.0,256.0,0.05967202096628819,PPO masked,1.0,1.0,0.010526719691356554,100.0
9.0,2.0,2.0,256.0,0.05967202096628819,Formula oracle,1.0,1.0,0.010526719691356554,100.0
9.0,2.0,2.0,256.0,0.05967202096628819,Fitted ESS,1.0,1.0,0.010526719691356554,100.0
9.0,2.0,2.0,256.0,0.05967202096628819,Effective-count transfer,1.0,1.0,0.010526719691356554,100.0
9.0,2.0,2.0,256.0,0.05967202096628819,Fixed ESS 0.1,1.0,1.0,0.010526719691356554,100.0
9.0,2.0,4.0,512.0,0.05967202096628819,Raw,0.0,0.0,0.008267502748262158,100.0
9.0,2.0,4.0,512.0,0.05967202096628819,PPO masked,1.0,1.0,0.0049901712000106485,100.0
9.0,2.0,4.0,512.0,0.05967202096628819,Formula oracle,1.0,1.0,0.0049901712000106485,100.0
9.0,2.0,4.0,512.0,0.05967202096628819,Fitted ESS,1.0,1.0,0.0049901712000106485,100.0
9.0,2.0,4.0,512.0,0.05967202096628819,Effective-count transfer,1.0,1.0,0.0049901712000106485,100.0
9.0,2.0,4.0,512.0,0.05967202096628819,Fixed ESS 0.1,1.0,1.0,0.0049901712000106485,100.0
9.0,2.0,8.0,1024.0,0.05967202096628819,Raw,0.0,0.0,0.0038785603552374463,100.0
9.0,2.0,8.0,1024.0,0.05967202096628819,PPO masked,1.0,1.0,0.003262295265527914,100.0
9.0,2.0,8.0,1024.0,0.05967202096628819,Formula oracle,1.0,1.0,0.003262295265527914,100.0
9.0,2.0,8.0,1024.0,0.05967202096628819,Fitted ESS,0.0,0.0,0.0038785603552374463,100.0
9.0,2.0,8.0,1024.0,0.05967202096628819,Effective-count transfer,1.0,1.0,0.003262295265527914,100.0
9.0,2.0,8.0,1024.0,0.05967202096628819,Fixed ESS 0.1,1.0,1.0,0.003262295265527914,100.0
11.0,2.0,1.0,128.0,0.07322635077569153,Raw,0.0,0.0,0.03811743521508224,100.0
11.0,2.0,1.0,128.0,0.07322635077569153,PPO masked,1.0,1.0,0.0022654029495687363,100.0
11.0,2.0,1.0,128.0,0.07322635077569153,Formula oracle,1.0,1.0,0.0022654029495687363,100.0
11.0,2.0,1.0,128.0,0.07322635077569153,Fitted ESS,1.0,1.0,0.0022654029495687363,100.0
11.0,2.0,1.0,128.0,0.07322635077569153,Effective-count transfer,1.0,1.0,0.0022654029495687363,100.0
11.0,2.0,1.0,128.0,0.07322635077569153,Fixed ESS 0.1,1.0,1.0,0.0022654029495687363,100.0
11.0,2.0,2.0,256.0,0.07322635077569153,Raw,0.0,0.0,0.08924143092612087,100.0
11.0,2.0,2.0,256.0,0.07322635077569153,PPO masked,1.0,1.0,0.002300347931317823,100.0
11.0,2.0,2.0,256.0,0.07322635077569153,Formula oracle,1.0,1.0,0.002300347931317823,100.0
11.0,2.0,2.0,256.0,0.07322635077569153,Fitted ESS,1.0,1.0,0.002300347931317823,100.0
11.0,2.0,2.0,256.0,0.07322635077569153,Effective-count transfer,1.0,1.0,0.002300347931317823,100.0
11.0,2.0,2.0,256.0,0.07322635077569153,Fixed ESS 0.1,1.0,1.0,0.002300347931317823,100.0
11.0,2.0,4.0,512.0,0.07322635077569153,Raw,0.0,0.0,0.03102459192762492,100.0
11.0,2.0,4.0,512.0,0.07322635077569153,PPO masked,1.0,1.0,0.002226585205611104,100.0
11.0,2.0,4.0,512.0,0.07322635077569153,Formula oracle,1.0,1.0,0.002226585205611104,100.0
11.0,2.0,4.0,512.0,0.07322635077569153,Fitted ESS,1.0,1.0,0.002226585205611104,100.0
11.0,2.0,4.0,512.0,0.07322635077569153,Effective-count transfer,1.0,1.0,0.002226585205611104,100.0
11.0,2.0,4.0,512.0,0.07322635077569153,Fixed ESS 0.1,1.0,1.0,0.002226585205611104,100.0
11.0,2.0,8.0,1024.0,0.07322635077569153,Raw,0.0,0.0,0.01054796155577496,100.0
11.0,2.0,8.0,1024.0,0.07322635077569153,PPO masked,1.0,1.0,0.0022030627053590424,100.0
11.0,2.0,8.0,1024.0,0.07322635077569153,Formula oracle,1.0,1.0,0.0022030627053590424,100.0
11.0,2.0,8.0,1024.0,0.07322635077569153,Fitted ESS,0.0,0.0,0.01054796155577496,100.0
11.0,2.0,8.0,1024.0,0.07322635077569153,Effective-count transfer,1.0,1.0,0.0022030627053590424,100.0
11.0,2.0,8.0,1024.0,0.07322635077569153,Fixed ESS 0.1,1.0,1.0,0.0022030627053590424,100.0
14.0,2.0,1.0,128.0,0.07455823162848335,Raw,0.0,0.0,0.04066401305380097,100.0
14.0,2.0,1.0,128.0,0.07455823162848335,PPO masked,1.0,1.0,0.030236173220982137,100.0
14.0,2.0,1.0,128.0,0.07455823162848335,Formula oracle,1.0,1.0,0.030236173220982137,100.0
14.0,2.0,1.0,128.0,0.07455823162848335,Fitted ESS,1.0,1.0,0.030236173220982137,100.0
14.0,2.0,1.0,128.0,0.07455823162848335,Effective-count transfer,1.0,1.0,0.030236173220982137,100.0
14.0,2.0,1.0,128.0,0.07455823162848335,Fixed ESS 0.1,1.0,1.0,0.030236173220982137,100.0
14.0,2.0,2.0,256.0,0.07455823162848335,Raw,0.0,0.0,0.023221205991107552,100.0
14.0,2.0,2.0,256.0,0.07455823162848335,PPO masked,1.0,1.0,0.019886924030372736,100.0
14.0,2.0,2.0,256.0,0.07455823162848335,Formula oracle,1.0,1.0,0.019886924030372736,100.0
14.0,2.0,2.0,256.0,0.07455823162848335,Fitted ESS,1.0,1.0,0.019886924030372736,100.0
14.0,2.0,2.0,256.0,0.07455823162848335,Effective-count transfer,1.0,1.0,0.019886924030372736,100.0
14.0,2.0,2.0,256.0,0.07455823162848335,Fixed ESS 0.1,1.0,1.0,0.019886924030372736,100.0
14.0,2.0,4.0,512.0,0.07455823162848335,Raw,0.0,0.0,0.014535177384767868,100.0
14.0,2.0,4.0,512.0,0.07455823162848335,PPO masked,1.0,1.0,0.011515882378584268,100.0
14.0,2.0,4.0,512.0,0.07455823162848335,Formula oracle,1.0,1.0,0.011515882378584268,100.0
14.0,2.0,4.0,512.0,0.07455823162848335,Fitted ESS,1.0,1.0,0.011515882378584268,100.0
14.0,2.0,4.0,512.0,0.07455823162848335,Effective-count transfer,1.0,1.0,0.011515882378584268,100.0
14.0,2.0,4.0,512.0,0.07455823162848335,Fixed ESS 0.1,1.0,1.0,0.011515882378584268,100.0
14.0,2.0,8.0,1024.0,0.07455823162848335,Raw,0.0,1.0,0.006514030728466229,100.0
14.0,2.0,8.0,1024.0,0.07455823162848335,PPO masked,1.0,0.0,0.006862744211456054,100.0
14.0,2.0,8.0,1024.0,0.07455823162848335,Formula oracle,0.0,1.0,0.006514030728466229,100.0
14.0,2.0,8.0,1024.0,0.07455823162848335,Fitted ESS,0.0,1.0,0.006514030728466229,100.0
14.0,2.0,8.0,1024.0,0.07455823162848335,Effective-count transfer,1.0,0.0,0.006862744211456054,100.0
14.0,2.0,8.0,1024.0,0.07455823162848335,Fixed ESS 0.1,1.0,0.0,0.006862744211456054,100.0
15.0,2.0,1.0,128.0,0.04266423924961842,Raw,0.0,0.0,0.03107952068802224,100.0
15.0,2.0,1.0,128.0,0.04266423924961842,PPO masked,1.0,1.0,0.020711549413301004,100.0
15.0,2.0,1.0,128.0,0.04266423924961842,Formula oracle,1.0,1.0,0.020711549413301004,100.0
15.0,2.0,1.0,128.0,0.04266423924961842,Fitted ESS,1.0,1.0,0.020711549413301004,100.0
15.0,2.0,1.0,128.0,0.04266423924961842,Effective-count transfer,1.0,1.0,0.020711549413301004,100.0
15.0,2.0,1.0,128.0,0.04266423924961842,Fixed ESS 0.1,1.0,1.0,0.020711549413301004,100.0
15.0,2.0,2.0,256.0,0.04266423924961842,Raw,0.0,0.0,0.014507990415797771,100.0
15.0,2.0,2.0,256.0,0.04266423924961842,PPO masked,1.0,1.0,0.010797657641946332,100.0
15.0,2.0,2.0,256.0,0.04266423924961842,Formula oracle,1.0,1.0,0.010797657641946332,100.0
15.0,2.0,2.0,256.0,0.04266423924961842,Fitted ESS,1.0,1.0,0.010797657641946332,100.0
15.0,2.0,2.0,256.0,0.04266423924961842,Effective-count transfer,1.0,1.0,0.010797657641946332,100.0
15.0,2.0,2.0,256.0,0.04266423924961842,Fixed ESS 0.1,1.0,1.0,0.010797657641946332,100.0
15.0,2.0,4.0,512.0,0.04266423924961842,Raw,0.0,0.0,0.006849467329356616,100.0
15.0,2.0,4.0,512.0,0.04266423924961842,PPO masked,1.0,1.0,0.005606841596650456,100.0
15.0,2.0,4.0,512.0,0.04266423924961842,Formula oracle,1.0,1.0,0.005606841596650456,100.0
15.0,2.0,4.0,512.0,0.04266423924961842,Fitted ESS,1.0,1.0,0.005606841596650456,100.0
15.0,2.0,4.0,512.0,0.04266423924961842,Effective-count transfer,1.0,1.0,0.005606841596650456,100.0
15.0,2.0,4.0,512.0,0.04266423924961842,Fixed ESS 0.1,1.0,1.0,0.005606841596650456,100.0
15.0,2.0,8.0,1024.0,0.04266423924961842,Raw,0.0,0.0,0.0037031036572221883,100.0
15.0,2.0,8.0,1024.0,0.04266423924961842,PPO masked,1.0,1.0,0.0037005685249552494,100.0
15.0,2.0,8.0,1024.0,0.04266423924961842,Formula oracle,1.0,1.0,0.0037005685249552494,100.0
15.0,2.0,8.0,1024.0,0.04266423924961842,Fitted ESS,0.0,0.0,0.0037031036572221883,100.0
15.0,2.0,8.0,1024.0,0.04266423924961842,Effective-count transfer,1.0,1.0,0.0037005685249552494,100.0
15.0,2.0,8.0,1024.0,0.04266423924961842,Fixed ESS 0.1,1.0,1.0,0.0037005685249552494,100.0
17.0,3.0,1.0,128.0,0.12514345133179386,Raw,0.0,0.0,0.047922020426788725,100.0
17.0,3.0,1.0,128.0,0.12514345133179386,PPO masked,1.0,1.0,0.028605395745845898,100.0
17.0,3.0,1.0,128.0,0.12514345133179386,Formula oracle,1.0,1.0,0.028605395745845898,100.0
17.0,3.0,1.0,128.0,0.12514345133179386,Fitted ESS,1.0,1.0,0.028605395745845898,100.0
17.0,3.0,1.0,128.0,0.12514345133179386,Effective-count transfer,1.0,1.0,0.028605395745845898,100.0
17.0,3.0,1.0,128.0,0.12514345133179386,Fixed ESS 0.1,0.0,0.0,0.047922020426788725,100.0
17.0,3.0,2.0,256.0,0.12514345133179386,Raw,0.0,0.0,0.020099849871741526,100.0
17.0,3.0,2.0,256.0,0.12514345133179386,PPO masked,1.0,1.0,0.013597181784464476,100.0
17.0,3.0,2.0,256.0,0.12514345133179386,Formula oracle,1.0,1.0,0.013597181784464476,100.0
17.0,3.0,2.0,256.0,0.12514345133179386,Fitted ESS,1.0,1.0,0.013597181784464476,100.0
17.0,3.0,2.0,256.0,0.12514345133179386,Effective-count transfer,1.0,1.0,0.013597181784464476,100.0
17.0,3.0,2.0,256.0,0.12514345133179386,Fixed ESS 0.1,0.0,0.0,0.020099849871741526,100.0
17.0,3.0,4.0,512.0,0.12514345133179386,Raw,0.0,0.0,0.018764603126798743,100.0
17.0,3.0,4.0,512.0,0.12514345133179386,PPO masked,1.0,1.0,0.017096686973142705,100.0
17.0,3.0,4.0,512.0,0.12514345133179386,Formula oracle,1.0,1.0,0.017096686973142705,100.0
17.0,3.0,4.0,512.0,0.12514345133179386,Fitted ESS,1.0,1.0,0.017096686973142705,100.0
17.0,3.0,4.0,512.0,0.12514345133179386,Effective-count transfer,1.0,1.0,0.017096686973142705,100.0
17.0,3.0,4.0,512.0,0.12514345133179386,Fixed ESS 0.1,0.0,0.0,0.018764603126798743,100.0
17.0,3.0,8.0,1024.0,0.12514345133179386,Raw,0.0,0.0,0.006961416756031014,100.0
17.0,3.0,8.0,1024.0,0.12514345133179386,PPO masked,1.0,1.0,0.008240264093084072,100.0
17.0,3.0,8.0,1024.0,0.12514345133179386,Formula oracle,1.0,1.0,0.008240264093084072,100.0
17.0,3.0,8.0,1024.0,0.12514345133179386,Fitted ESS,0.0,0.0,0.006961416756031014,100.0
17.0,3.0,8.0,1024.0,0.12514345133179386,Effective-count transfer,0.0,0.0,0.006961416756031014,100.0
17.0,3.0,8.0,1024.0,0.12514345133179386,Fixed ESS 0.1,0.0,0.0,0.006961416756031014,100.0
18.0,3.0,1.0,128.0,0.11008615748349813,Raw,0.0,0.0,0.0490148625788396,100.0
18.0,3.0,1.0,128.0,0.11008615748349813,PPO masked,1.0,1.0,0.02794884102530967,100.0
18.0,3.0,1.0,128.0,0.11008615748349813,Formula oracle,1.0,1.0,0.02794884102530967,100.0
18.0,3.0,1.0,128.0,0.11008615748349813,Fitted ESS,1.0,1.0,0.02794884102530967,100.0
18.0,3.0,1.0,128.0,0.11008615748349813,Effective-count transfer,1.0,1.0,0.02794884102530967,100.0
18.0,3.0,1.0,128.0,0.11008615748349813,Fixed ESS 0.1,0.0,0.0,0.0490148625788396,100.0
18.0,3.0,2.0,256.0,0.11008615748349813,Raw,0.0,0.0,0.03696966989617493,100.0
18.0,3.0,2.0,256.0,0.11008615748349813,PPO masked,1.0,1.0,0.014866216043224847,100.0
18.0,3.0,2.0,256.0,0.11008615748349813,Formula oracle,1.0,1.0,0.014866216043224847,100.0
18.0,3.0,2.0,256.0,0.11008615748349813,Fitted ESS,1.0,1.0,0.014866216043224847,100.0
18.0,3.0,2.0,256.0,0.11008615748349813,Effective-count transfer,1.0,1.0,0.014866216043224847,100.0
18.0,3.0,2.0,256.0,0.11008615748349813,Fixed ESS 0.1,0.0,0.0,0.03696966989617493,100.0
18.0,3.0,4.0,512.0,0.11008615748349813,Raw,0.0,0.0,0.019969498011848028,100.0
18.0,3.0,4.0,512.0,0.11008615748349813,PPO masked,1.0,1.0,0.014132430987964302,100.0
18.0,3.0,4.0,512.0,0.11008615748349813,Formula oracle,1.0,1.0,0.014132430987964302,100.0
18.0,3.0,4.0,512.0,0.11008615748349813,Fitted ESS,1.0,1.0,0.014132430987964302,100.0
18.0,3.0,4.0,512.0,0.11008615748349813,Effective-count transfer,1.0,1.0,0.014132430987964302,100.0
18.0,3.0,4.0,512.0,0.11008615748349813,Fixed ESS 0.1,0.0,0.0,0.019969498011848028,100.0
18.0,3.0,8.0,1024.0,0.11008615748349813,Raw,0.0,1.0,0.014388937750989636,100.0
18.0,3.0,8.0,1024.0,0.11008615748349813,PPO masked,1.0,0.0,0.01374809028471871,100.0
18.0,3.0,8.0,1024.0,0.11008615748349813,Formula oracle,0.0,1.0,0.014388937750989636,100.0
18.0,3.0,8.0,1024.0,0.11008615748349813,Fitted ESS,0.0,1.0,0.014388937750989636,100.0
18.0,3.0,8.0,1024.0,0.11008615748349813,Effective-count transfer,1.0,0.0,0.01374809028471871,100.0
18.0,3.0,8.0,1024.0,0.11008615748349813,Fixed ESS 0.1,0.0,1.0,0.014388937750989636,100.0
20.0,3.0,1.0,128.0,0.17416232103516502,Raw,0.0,0.0,0.05494584023631424,100.0
20.0,3.0,1.0,128.0,0.17416232103516502,PPO masked,1.0,1.0,0.023587990001226668,100.0
20.0,3.0,1.0,128.0,0.17416232103516502,Formula oracle,1.0,1.0,0.023587990001226668,100.0
20.0,3.0,1.0,128.0,0.17416232103516502,Fitted ESS,1.0,1.0,0.023587990001226668,100.0
20.0,3.0,1.0,128.0,0.17416232103516502,Effective-count transfer,1.0,1.0,0.023587990001226668,100.0
20.0,3.0,1.0,128.0,0.17416232103516502,Fixed ESS 0.1,0.0,0.0,0.05494584023631424,100.0
20.0,3.0,2.0,256.0,0.17416232103516502,Raw,0.0,0.0,0.02402616547863652,100.0
20.0,3.0,2.0,256.0,0.17416232103516502,PPO masked,1.0,1.0,0.016405137209399397,100.0
20.0,3.0,2.0,256.0,0.17416232103516502,Formula oracle,1.0,1.0,0.016405137209399397,100.0
20.0,3.0,2.0,256.0,0.17416232103516502,Fitted ESS,1.0,1.0,0.016405137209399397,100.0
20.0,3.0,2.0,256.0,0.17416232103516502,Effective-count transfer,1.0,1.0,0.016405137209399397,100.0
20.0,3.0,2.0,256.0,0.17416232103516502,Fixed ESS 0.1,0.0,0.0,0.02402616547863652,100.0
20.0,3.0,4.0,512.0,0.17416232103516502,Raw,0.0,0.0,0.013032514424962631,100.0
20.0,3.0,4.0,512.0,0.17416232103516502,PPO masked,1.0,1.0,0.01205221239432104,100.0
20.0,3.0,4.0,512.0,0.17416232103516502,Formula oracle,1.0,1.0,0.01205221239432104,100.0
20.0,3.0,4.0,512.0,0.17416232103516502,Fitted ESS,1.0,1.0,0.01205221239432104,100.0
20.0,3.0,4.0,512.0,0.17416232103516502,Effective-count transfer,1.0,1.0,0.01205221239432104,100.0
20.0,3.0,4.0,512.0,0.17416232103516502,Fixed ESS 0.1,0.0,0.0,0.013032514424962631,100.0
20.0,3.0,8.0,1024.0,0.17416232103516502,Raw,0.0,1.0,0.005707182342952843,100.0
20.0,3.0,8.0,1024.0,0.17416232103516502,PPO masked,1.0,0.0,0.006197243240415124,100.0
20.0,3.0,8.0,1024.0,0.17416232103516502,Formula oracle,0.0,1.0,0.005707182342952843,100.0
20.0,3.0,8.0,1024.0,0.17416232103516502,Fitted ESS,0.0,1.0,0.005707182342952843,100.0
20.0,3.0,8.0,1024.0,0.17416232103516502,Effective-count transfer,0.0,1.0,0.005707182342952843,100.0
20.0,3.0,8.0,1024.0,0.17416232103516502,Fixed ESS 0.1,0.0,1.0,0.005707182342952843,100.0
24.0,3.0,1.0,128.0,0.10683216537150085,Raw,0.0,0.0,0.023340772827889524,100.0
24.0,3.0,1.0,128.0,0.10683216537150085,PPO masked,1.0,1.0,0.021574065580680486,100.0
24.0,3.0,1.0,128.0,0.10683216537150085,Formula oracle,1.0,1.0,0.021574065580680486,100.0
24.0,3.0,1.0,128.0,0.10683216537150085,Fitted ESS,1.0,1.0,0.021574065580680486,100.0
24.0,3.0,1.0,128.0,0.10683216537150085,Effective-count transfer,1.0,1.0,0.021574065580680486,100.0
24.0,3.0,1.0,128.0,0.10683216537150085,Fixed ESS 0.1,0.0,0.0,0.023340772827889524,100.0
24.0,3.0,2.0,256.0,0.10683216537150085,Raw,0.0,0.0,0.011542721460763268,100.0
24.0,3.0,2.0,256.0,0.10683216537150085,PPO masked,1.0,1.0,0.011497418638428151,100.0
24.0,3.0,2.0,256.0,0.10683216537150085,Formula oracle,1.0,1.0,0.011497418638428151,100.0
24.0,3.0,2.0,256.0,0.10683216537150085,Fitted ESS,1.0,1.0,0.011497418638428151,100.0
24.0,3.0,2.0,256.0,0.10683216537150085,Effective-count transfer,1.0,1.0,0.011497418638428151,100.0
24.0,3.0,2.0,256.0,0.10683216537150085,Fixed ESS 0.1,0.0,0.0,0.011542721460763268,100.0
24.0,3.0,4.0,512.0,0.10683216537150085,Raw,0.0,1.0,0.008158488855511133,100.0
24.0,3.0,4.0,512.0,0.10683216537150085,PPO masked,1.0,0.0,0.008444857825699096,100.0
24.0,3.0,4.0,512.0,0.10683216537150085,Formula oracle,0.0,1.0,0.008158488855511133,100.0
24.0,3.0,4.0,512.0,0.10683216537150085,Fitted ESS,1.0,0.0,0.008444857825699096,100.0
24.0,3.0,4.0,512.0,0.10683216537150085,Effective-count transfer,1.0,0.0,0.008444857825699096,100.0
24.0,3.0,4.0,512.0,0.10683216537150085,Fixed ESS 0.1,0.0,1.0,0.008158488855511133,100.0
24.0,3.0,8.0,1024.0,0.10683216537150085,Raw,0.0,1.0,0.0034810380340025682,100.0
24.0,3.0,8.0,1024.0,0.10683216537150085,PPO masked,1.0,0.0,0.00449442617957722,100.0
24.0,3.0,8.0,1024.0,0.10683216537150085,Formula oracle,0.0,1.0,0.0034810380340025682,100.0
24.0,3.0,8.0,1024.0,0.10683216537150085,Fitted ESS,0.0,1.0,0.0034810380340025682,100.0
24.0,3.0,8.0,1024.0,0.10683216537150085,Effective-count transfer,1.0,0.0,0.00449442617957722,100.0
24.0,3.0,8.0,1024.0,0.10683216537150085,Fixed ESS 0.1,0.0,1.0,0.0034810380340025682,100.0
25.0,4.0,1.0,128.0,0.20017057301286428,Raw,0.0,0.0,0.018456715220544064,100.0
25.0,4.0,1.0,128.0,0.20017057301286428,PPO masked,1.0,1.0,0.011148179639840557,100.0
25.0,4.0,1.0,128.0,0.20017057301286428,Formula oracle,1.0,1.0,0.011148179639840557,100.0
25.0,4.0,1.0,128.0,0.20017057301286428,Fitted ESS,1.0,1.0,0.011148179639840557,100.0
25.0,4.0,1.0,128.0,0.20017057301286428,Effective-count transfer,1.0,1.0,0.011148179639840557,100.0
25.0,4.0,1.0,128.0,0.20017057301286428,Fixed ESS 0.1,0.0,0.0,0.018456715220544064,100.0
25.0,4.0,2.0,256.0,0.20017057301286428,Raw,0.0,0.0,0.008585067659719533,100.0
25.0,4.0,2.0,256.0,0.20017057301286428,PPO masked,1.0,1.0,0.006983234386681628,100.0
25.0,4.0,2.0,256.0,0.20017057301286428,Formula oracle,1.0,1.0,0.006983234386681628,100.0
25.0,4.0,2.0,256.0,0.20017057301286428,Fitted ESS,1.0,1.0,0.006983234386681628,100.0
25.0,4.0,2.0,256.0,0.20017057301286428,Effective-count transfer,1.0,1.0,0.006983234386681628,100.0
25.0,4.0,2.0,256.0,0.20017057301286428,Fixed ESS 0.1,0.0,0.0,0.008585067659719533,100.0
25.0,4.0,4.0,512.0,0.20017057301286428,Raw,0.0,0.0,0.004298379760172552,100.0
25.0,4.0,4.0,512.0,0.20017057301286428,PPO masked,1.0,1.0,0.0039132518981002985,100.0
25.0,4.0,4.0,512.0,0.20017057301286428,Formula oracle,1.0,1.0,0.0039132518981002985,100.0
25.0,4.0,4.0,512.0,0.20017057301286428,Fitted ESS,1.0,1.0,0.0039132518981002985,100.0
25.0,4.0,4.0,512.0,0.20017057301286428,Effective-count transfer,1.0,1.0,0.0039132518981002985,100.0
25.0,4.0,4.0,512.0,0.20017057301286428,Fixed ESS 0.1,0.0,0.0,0.004298379760172552,100.0
25.0,4.0,8.0,1024.0,0.20017057301286428,Raw,0.0,0.0,0.002085532617135311,100.0
25.0,4.0,8.0,1024.0,0.20017057301286428,PPO masked,1.0,1.0,0.002403349499185942,100.0
25.0,4.0,8.0,1024.0,0.20017057301286428,Formula oracle,1.0,1.0,0.002403349499185942,100.0
25.0,4.0,8.0,1024.0,0.20017057301286428,Fitted ESS,0.0,0.0,0.002085532617135311,100.0
25.0,4.0,8.0,1024.0,0.20017057301286428,Effective-count transfer,0.0,0.0,0.002085532617135311,100.0
25.0,4.0,8.0,1024.0,0.20017057301286428,Fixed ESS 0.1,0.0,0.0,0.002085532617135311,100.0
29.0,4.0,1.0,128.0,0.30687556346184414,Raw,0.0,0.0,0.018453675096476597,100.0
29.0,4.0,1.0,128.0,0.30687556346184414,PPO masked,1.0,1.0,0.012045079021625145,100.0
29.0,4.0,1.0,128.0,0.30687556346184414,Formula oracle,1.0,1.0,0.012045079021625145,100.0
29.0,4.0,1.0,128.0,0.30687556346184414,Fitted ESS,1.0,1.0,0.012045079021625145,100.0
29.0,4.0,1.0,128.0,0.30687556346184414,Effective-count transfer,1.0,1.0,0.012045079021625145,100.0
29.0,4.0,1.0,128.0,0.30687556346184414,Fixed ESS 0.1,0.0,0.0,0.018453675096476597,100.0
29.0,4.0,2.0,256.0,0.30687556346184414,Raw,0.0,0.0,0.009767193417153432,100.0
29.0,4.0,2.0,256.0,0.30687556346184414,PPO masked,1.0,1.0,0.00805466936871214,100.0
29.0,4.0,2.0,256.0,0.30687556346184414,Formula oracle,1.0,1.0,0.00805466936871214,100.0
29.0,4.0,2.0,256.0,0.30687556346184414,Fitted ESS,1.0,1.0,0.00805466936871214,100.0
29.0,4.0,2.0,256.0,0.30687556346184414,Effective-count transfer,1.0,1.0,0.00805466936871214,100.0
29.0,4.0,2.0,256.0,0.30687556346184414,Fixed ESS 0.1,0.0,0.0,0.009767193417153432,100.0
29.0,4.0,4.0,512.0,0.30687556346184414,Raw,0.0,1.0,0.004787868434094508,100.0
29.0,4.0,4.0,512.0,0.30687556346184414,PPO masked,1.0,0.0,0.005825283696914759,100.0
29.0,4.0,4.0,512.0,0.30687556346184414,Formula oracle,0.0,1.0,0.004787868434094508,100.0
29.0,4.0,4.0,512.0,0.30687556346184414,Fitted ESS,1.0,0.0,0.005825283696914759,100.0
29.0,4.0,4.0,512.0,0.30687556346184414,Effective-count transfer,0.0,1.0,0.004787868434094508,100.0
29.0,4.0,4.0,512.0,0.30687556346184414,Fixed ESS 0.1,0.0,1.0,0.004787868434094508,100.0
29.0,4.0,8.0,1024.0,0.30687556346184414,Raw,0.0,1.0,0.002364280955523579,100.0
29.0,4.0,8.0,1024.0,0.30687556346184414,PPO masked,1.0,0.0,0.004525533795718993,100.0
29.0,4.0,8.0,1024.0,0.30687556346184414,Formula oracle,0.0,1.0,0.002364280955523579,100.0
29.0,4.0,8.0,1024.0,0.30687556346184414,Fitted ESS,0.0,1.0,0.002364280955523579,100.0
29.0,4.0,8.0,1024.0,0.30687556346184414,Effective-count transfer,0.0,1.0,0.002364280955523579,100.0
29.0,4.0,8.0,1024.0,0.30687556346184414,Fixed ESS 0.1,0.0,1.0,0.002364280955523579,100.0
30.0,4.0,1.0,128.0,0.32474639874605865,Raw,0.0,0.0,0.02274210998291021,100.0
30.0,4.0,1.0,128.0,0.32474639874605865,PPO masked,1.0,1.0,0.02155418132278291,100.0
30.0,4.0,1.0,128.0,0.32474639874605865,Formula oracle,1.0,1.0,0.02155418132278291,100.0
30.0,4.0,1.0,128.0,0.32474639874605865,Fitted ESS,1.0,1.0,0.02155418132278291,100.0
30.0,4.0,1.0,128.0,0.32474639874605865,Effective-count transfer,1.0,1.0,0.02155418132278291,100.0
30.0,4.0,1.0,128.0,0.32474639874605865,Fixed ESS 0.1,0.0,0.0,0.02274210998291021,100.0
30.0,4.0,2.0,256.0,0.32474639874605865,Raw,0.0,0.0,0.010715725860885497,100.0
30.0,4.0,2.0,256.0,0.32474639874605865,PPO masked,1.0,1.0,0.010196189166814647,100.0
30.0,4.0,2.0,256.0,0.32474639874605865,Formula oracle,1.0,1.0,0.010196189166814647,100.0
30.0,4.0,2.0,256.0,0.32474639874605865,Fitted ESS,1.0,1.0,0.010196189166814647,100.0
30.0,4.0,2.0,256.0,0.32474639874605865,Effective-count transfer,1.0,1.0,0.010196189166814647,100.0
30.0,4.0,2.0,256.0,0.32474639874605865,Fixed ESS 0.1,0.0,0.0,0.010715725860885497,100.0
30.0,4.0,4.0,512.0,0.32474639874605865,Raw,0.0,0.0,0.006533020678020804,100.0
30.0,4.0,4.0,512.0,0.32474639874605865,PPO masked,1.0,1.0,0.00643616088270021,100.0
30.0,4.0,4.0,512.0,0.32474639874605865,Formula oracle,1.0,1.0,0.00643616088270021,100.0
30.0,4.0,4.0,512.0,0.32474639874605865,Fitted ESS,1.0,1.0,0.00643616088270021,100.0
30.0,4.0,4.0,512.0,0.32474639874605865,Effective-count transfer,0.0,0.0,0.006533020678020804,100.0
30.0,4.0,4.0,512.0,0.32474639874605865,Fixed ESS 0.1,0.0,0.0,0.006533020678020804,100.0
30.0,4.0,8.0,1024.0,0.32474639874605865,Raw,0.0,1.0,0.0034574869094826715,100.0
30.0,4.0,8.0,1024.0,0.32474639874605865,PPO masked,1.0,0.0,0.003409058725737268,100.0
30.0,4.0,8.0,1024.0,0.32474639874605865,Formula oracle,0.0,1.0,0.0034574869094826715,100.0
30.0,4.0,8.0,1024.0,0.32474639874605865,Fitted ESS,0.0,1.0,0.0034574869094826715,100.0
30.0,4.0,8.0,1024.0,0.32474639874605865,Effective-count transfer,0.0,1.0,0.0034574869094826715,100.0
30.0,4.0,8.0,1024.0,0.32474639874605865,Fixed ESS 0.1,0.0,1.0,0.0034574869094826715,100.0
31.0,4.0,1.0,128.0,0.21210436068925184,Raw,0.0,0.0,0.07740556098955147,100.0
31.0,4.0,1.0,128.0,0.21210436068925184,PPO masked,1.0,1.0,0.035364285608726245,100.0
31.0,4.0,1.0,128.0,0.21210436068925184,Formula oracle,1.0,1.0,0.035364285608726245,100.0
31.0,4.0,1.0,128.0,0.21210436068925184,Fitted ESS,1.0,1.0,0.035364285608726245,100.0
31.0,4.0,1.0,128.0,0.21210436068925184,Effective-count transfer,1.0,1.0,0.035364285608726245,100.0
31.0,4.0,1.0,128.0,0.21210436068925184,Fixed ESS 0.1,0.0,0.0,0.07740556098955147,100.0
31.0,4.0,2.0,256.0,0.21210436068925184,Raw,0.0,0.0,0.032413211574150384,100.0
31.0,4.0,2.0,256.0,0.21210436068925184,PPO masked,1.0,1.0,0.017988788872033992,100.0
31.0,4.0,2.0,256.0,0.21210436068925184,Formula oracle,1.0,1.0,0.017988788872033992,100.0
31.0,4.0,2.0,256.0,0.21210436068925184,Fitted ESS,1.0,1.0,0.017988788872033992,100.0
31.0,4.0,2.0,256.0,0.21210436068925184,Effective-count transfer,1.0,1.0,0.017988788872033992,100.0
31.0,4.0,2.0,256.0,0.21210436068925184,Fixed ESS 0.1,0.0,0.0,0.032413211574150384,100.0
31.0,4.0,4.0,512.0,0.21210436068925184,Raw,0.0,1.0,0.014395032893647193,100.0
31.0,4.0,4.0,512.0,0.21210436068925184,PPO masked,1.0,0.0,0.010255866475408295,100.0
31.0,4.0,4.0,512.0,0.21210436068925184,Formula oracle,0.0,1.0,0.014395032893647193,100.0
31.0,4.0,4.0,512.0,0.21210436068925184,Fitted ESS,1.0,0.0,0.010255866475408295,100.0
31.0,4.0,4.0,512.0,0.21210436068925184,Effective-count transfer,1.0,0.0,0.010255866475408295,100.0
31.0,4.0,4.0,512.0,0.21210436068925184,Fixed ESS 0.1,0.0,1.0,0.014395032893647193,100.0
31.0,4.0,8.0,1024.0,0.21210436068925184,Raw,0.0,1.0,0.006518991116695432,100.0
31.0,4.0,8.0,1024.0,0.21210436068925184,PPO masked,1.0,0.0,0.006286414641870059,100.0
31.0,4.0,8.0,1024.0,0.21210436068925184,Formula oracle,0.0,1.0,0.006518991116695432,100.0
31.0,4.0,8.0,1024.0,0.21210436068925184,Fitted ESS,0.0,1.0,0.006518991116695432,100.0
31.0,4.0,8.0,1024.0,0.21210436068925184,Effective-count transfer,0.0,1.0,0.006518991116695432,100.0
31.0,4.0,8.0,1024.0,0.21210436068925184,Fixed ESS 0.1,0.0,1.0,0.006518991116695432,100.0
33.0,5.0,1.0,128.0,0.5742689214885942,Raw,0.0,0.0,0.024931661192713898,100.0
33.0,5.0,1.0,128.0,0.5742689214885942,PPO masked,1.0,1.0,0.01762186152149333,100.0
33.0,5.0,1.0,128.0,0.5742689214885942,Formula oracle,1.0,1.0,0.01762186152149333,100.0
33.0,5.0,1.0,128.0,0.5742689214885942,Fitted ESS,1.0,1.0,0.01762186152149333,100.0
33.0,5.0,1.0,128.0,0.5742689214885942,Effective-count transfer,1.0,1.0,0.01762186152149333,100.0
33.0,5.0,1.0,128.0,0.5742689214885942,Fixed ESS 0.1,0.0,0.0,0.024931661192713898,100.0
33.0,5.0,2.0,256.0,0.5742689214885942,Raw,0.0,0.0,0.0128809436763771,100.0
33.0,5.0,2.0,256.0,0.5742689214885942,PPO masked,1.0,1.0,0.011862670239111863,100.0
33.0,5.0,2.0,256.0,0.5742689214885942,Formula oracle,1.0,1.0,0.011862670239111863,100.0
33.0,5.0,2.0,256.0,0.5742689214885942,Fitted ESS,1.0,1.0,0.011862670239111863,100.0
33.0,5.0,2.0,256.0,0.5742689214885942,Effective-count transfer,0.0,0.0,0.0128809436763771,100.0
33.0,5.0,2.0,256.0,0.5742689214885942,Fixed ESS 0.1,0.0,0.0,0.0128809436763771,100.0
33.0,5.0,4.0,512.0,0.5742689214885942,Raw,0.0,1.0,0.006300308103743872,100.0
33.0,5.0,4.0,512.0,0.5742689214885942,PPO masked,1.0,0.0,0.007227358579669159,100.0
33.0,5.0,4.0,512.0,0.5742689214885942,Formula oracle,0.0,1.0,0.006300308103743872,100.0
33.0,5.0,4.0,512.0,0.5742689214885942,Fitted ESS,0.0,1.0,0.006300308103743872,100.0
33.0,5.0,4.0,512.0,0.5742689214885942,Effective-count transfer,0.0,1.0,0.006300308103743872,100.0
33.0,5.0,4.0,512.0,0.5742689214885942,Fixed ESS 0.1,0.0,1.0,0.006300308103743872,100.0
33.0,5.0,8.0,1024.0,0.5742689214885942,Raw,0.0,1.0,0.0029729863746579726,100.0
33.0,5.0,8.0,1024.0,0.5742689214885942,PPO masked,1.0,0.0,0.004866705032324336,100.0
33.0,5.0,8.0,1024.0,0.5742689214885942,Formula oracle,0.0,1.0,0.0029729863746579726,100.0
33.0,5.0,8.0,1024.0,0.5742689214885942,Fitted ESS,0.0,1.0,0.0029729863746579726,100.0
33.0,5.0,8.0,1024.0,0.5742689214885942,Effective-count transfer,0.0,1.0,0.0029729863746579726,100.0
33.0,5.0,8.0,1024.0,0.5742689214885942,Fixed ESS 0.1,0.0,1.0,0.0029729863746579726,100.0
34.0,5.0,1.0,128.0,0.49302073488112047,Raw,0.0,0.0,0.019340882243863867,100.0
34.0,5.0,1.0,128.0,0.49302073488112047,PPO masked,1.0,1.0,0.013110675905242232,100.0
34.0,5.0,1.0,128.0,0.49302073488112047,Formula oracle,1.0,1.0,0.013110675905242232,100.0
34.0,5.0,1.0,128.0,0.49302073488112047,Fitted ESS,1.0,1.0,0.013110675905242232,100.0
34.0,5.0,1.0,128.0,0.49302073488112047,Effective-count transfer,1.0,1.0,0.013110675905242232,100.0
34.0,5.0,1.0,128.0,0.49302073488112047,Fixed ESS 0.1,0.0,0.0,0.019340882243863867,100.0
34.0,5.0,2.0,256.0,0.49302073488112047,Raw,0.0,0.0,0.009720419160795092,100.0
34.0,5.0,2.0,256.0,0.49302073488112047,PPO masked,1.0,1.0,0.00792285680717332,100.0
34.0,5.0,2.0,256.0,0.49302073488112047,Formula oracle,1.0,1.0,0.00792285680717332,100.0
34.0,5.0,2.0,256.0,0.49302073488112047,Fitted ESS,1.0,1.0,0.00792285680717332,100.0
34.0,5.0,2.0,256.0,0.49302073488112047,Effective-count transfer,1.0,1.0,0.00792285680717332,100.0
34.0,5.0,2.0,256.0,0.49302073488112047,Fixed ESS 0.1,0.0,0.0,0.009720419160795092,100.0
34.0,5.0,4.0,512.0,0.49302073488112047,Raw,0.0,1.0,0.00543216268510496,100.0
34.0,5.0,4.0,512.0,0.49302073488112047,PPO masked,1.0,0.0,0.00604114528136267,100.0
34.0,5.0,4.0,512.0,0.49302073488112047,Formula oracle,0.0,1.0,0.00543216268510496,100.0
34.0,5.0,4.0,512.0,0.49302073488112047,Fitted ESS,0.0,1.0,0.00543216268510496,100.0
34.0,5.0,4.0,512.0,0.49302073488112047,Effective-count transfer,0.0,1.0,0.00543216268510496,100.0
34.0,5.0,4.0,512.0,0.49302073488112047,Fixed ESS 0.1,0.0,1.0,0.00543216268510496,100.0
34.0,5.0,8.0,1024.0,0.49302073488112047,Raw,0.0,1.0,0.002818065123700671,100.0
34.0,5.0,8.0,1024.0,0.49302073488112047,PPO masked,1.0,0.0,0.004582838312613951,100.0
34.0,5.0,8.0,1024.0,0.49302073488112047,Formula oracle,0.0,1.0,0.002818065123700671,100.0
34.0,5.0,8.0,1024.0,0.49302073488112047,Fitted ESS,0.0,1.0,0.002818065123700671,100.0
34.0,5.0,8.0,1024.0,0.49302073488112047,Effective-count transfer,0.0,1.0,0.002818065123700671,100.0
34.0,5.0,8.0,1024.0,0.49302073488112047,Fixed ESS 0.1,0.0,1.0,0.002818065123700671,100.0
35.0,5.0,1.0,128.0,0.5767185197951137,Raw,0.0,0.0,0.022142444038640824,100.0
35.0,5.0,1.0,128.0,0.5767185197951137,PPO masked,1.0,1.0,0.01972212406922989,100.0
35.0,5.0,1.0,128.0,0.5767185197951137,Formula oracle,1.0,1.0,0.01972212406922989,100.0
35.0,5.0,1.0,128.0,0.5767185197951137,Fitted ESS,1.0,1.0,0.01972212406922989,100.0
35.0,5.0,1.0,128.0,0.5767185197951137,Effective-count transfer,1.0,1.0,0.01972212406922989,100.0
35.0,5.0,1.0,128.0,0.5767185197951137,Fixed ESS 0.1,0.0,0.0,0.022142444038640824,100.0
35.0,5.0,2.0,256.0,0.5767185197951137,Raw,0.0,0.0,0.011264971079225321,100.0
35.0,5.0,2.0,256.0,0.5767185197951137,PPO masked,1.0,1.0,0.011013879461302398,100.0
35.0,5.0,2.0,256.0,0.5767185197951137,Formula oracle,1.0,1.0,0.011013879461302398,100.0
35.0,5.0,2.0,256.0,0.5767185197951137,Fitted ESS,1.0,1.0,0.011013879461302398,100.0
35.0,5.0,2.0,256.0,0.5767185197951137,Effective-count transfer,0.0,0.0,0.011264971079225321,100.0
35.0,5.0,2.0,256.0,0.5767185197951137,Fixed ESS 0.1,0.0,0.0,0.011264971079225321,100.0
35.0,5.0,4.0,512.0,0.5767185197951137,Raw,0.0,1.0,0.005996392548934908,100.0
35.0,5.0,4.0,512.0,0.5767185197951137,PPO masked,1.0,0.0,0.00696097107842248,100.0
35.0,5.0,4.0,512.0,0.5767185197951137,Formula oracle,0.0,1.0,0.005996392548934908,100.0
35.0,5.0,4.0,512.0,0.5767185197951137,Fitted ESS,0.0,1.0,0.005996392548934908,100.0
35.0,5.0,4.0,512.0,0.5767185197951137,Effective-count transfer,0.0,1.0,0.005996392548934908,100.0
35.0,5.0,4.0,512.0,0.5767185197951137,Fixed ESS 0.1,0.0,1.0,0.005996392548934908,100.0
35.0,5.0,8.0,1024.0,0.5767185197951137,Raw,0.0,1.0,0.0031793955450081595,100.0
35.0,5.0,8.0,1024.0,0.5767185197951137,PPO masked,1.0,0.0,0.004531774437633589,100.0
35.0,5.0,8.0,1024.0,0.5767185197951137,Formula oracle,0.0,1.0,0.0031793955450081595,100.0
35.0,5.0,8.0,1024.0,0.5767185197951137,Fitted ESS,0.0,1.0,0.0031793955450081595,100.0
35.0,5.0,8.0,1024.0,0.5767185197951137,Effective-count transfer,0.0,1.0,0.0031793955450081595,100.0
35.0,5.0,8.0,1024.0,0.5767185197951137,Fixed ESS 0.1,0.0,1.0,0.0031793955450081595,100.0
38.0,5.0,1.0,128.0,0.4625412519766238,Raw,0.0,0.0,0.025915609199242396,100.0
38.0,5.0,1.0,128.0,0.4625412519766238,PPO masked,1.0,1.0,0.020998329341227494,100.0
38.0,5.0,1.0,128.0,0.4625412519766238,Formula oracle,1.0,1.0,0.020998329341227494,100.0
38.0,5.0,1.0,128.0,0.4625412519766238,Fitted ESS,1.0,1.0,0.020998329341227494,100.0
38.0,5.0,1.0,128.0,0.4625412519766238,Effective-count transfer,1.0,1.0,0.020998329341227494,100.0
38.0,5.0,1.0,128.0,0.4625412519766238,Fixed ESS 0.1,0.0,0.0,0.025915609199242396,100.0
38.0,5.0,2.0,256.0,0.4625412519766238,Raw,0.0,0.0,0.013195490010296771,100.0
38.0,5.0,2.0,256.0,0.4625412519766238,PPO masked,1.0,1.0,0.013311280838525863,100.0
38.0,5.0,2.0,256.0,0.4625412519766238,Formula oracle,1.0,1.0,0.013311280838525863,100.0
38.0,5.0,2.0,256.0,0.4625412519766238,Fitted ESS,1.0,1.0,0.013311280838525863,100.0
38.0,5.0,2.0,256.0,0.4625412519766238,Effective-count transfer,1.0,1.0,0.013311280838525863,100.0
38.0,5.0,2.0,256.0,0.4625412519766238,Fixed ESS 0.1,0.0,0.0,0.013195490010296771,100.0
38.0,5.0,4.0,512.0,0.4625412519766238,Raw,0.0,1.0,0.00730304880085496,100.0
38.0,5.0,4.0,512.0,0.4625412519766238,PPO masked,1.0,0.0,0.00908341136592469,100.0
38.0,5.0,4.0,512.0,0.4625412519766238,Formula oracle,0.0,1.0,0.00730304880085496,100.0
38.0,5.0,4.0,512.0,0.4625412519766238,Fitted ESS,0.0,1.0,0.00730304880085496,100.0
38.0,5.0,4.0,512.0,0.4625412519766238,Effective-count transfer,0.0,1.0,0.00730304880085496,100.0
38.0,5.0,4.0,512.0,0.4625412519766238,Fixed ESS 0.1,0.0,1.0,0.00730304880085496,100.0
38.0,5.0,8.0,1024.0,0.4625412519766238,Raw,0.0,1.0,0.0034728440729091454,100.0
38.0,5.0,8.0,1024.0,0.4625412519766238,PPO masked,1.0,0.0,0.00688261228441516,100.0
38.0,5.0,8.0,1024.0,0.4625412519766238,Formula oracle,0.0,1.0,0.0034728440729091454,100.0
38.0,5.0,8.0,1024.0,0.4625412519766238,Fitted ESS,0.0,1.0,0.0034728440729091454,100.0
38.0,5.0,8.0,1024.0,0.4625412519766238,Effective-count transfer,0.0,1.0,0.0034728440729091454,100.0
38.0,5.0,8.0,1024.0,0.4625412519766238,Fixed ESS 0.1,0.0,1.0,0.0034728440729091454,100.0
43.0,6.0,1.0,128.0,0.7217146092562535,Raw,0.0,0.0,0.007958271063783093,100.0
43.0,6.0,1.0,128.0,0.7217146092562535,PPO masked,1.0,1.0,0.006960347728924555,100.0
43.0,6.0,1.0,128.0,0.7217146092562535,Formula oracle,1.0,1.0,0.006960347728924555,100.0
43.0,6.0,1.0,128.0,0.7217146092562535,Fitted ESS,1.0,1.0,0.006960347728924555,100.0
43.0,6.0,1.0,128.0,0.7217146092562535,Effective-count transfer,1.0,1.0,0.006960347728924555,100.0
43.0,6.0,1.0,128.0,0.7217146092562535,Fixed ESS 0.1,0.0,0.0,0.007958271063783093,100.0
43.0,6.0,2.0,256.0,0.7217146092562535,Raw,0.0,0.0,0.003751912867096583,100.0
43.0,6.0,2.0,256.0,0.7217146092562535,PPO masked,1.0,1.0,0.0033088202540863675,100.0
43.0,6.0,2.0,256.0,0.7217146092562535,Formula oracle,1.0,1.0,0.0033088202540863675,100.0
43.0,6.0,2.0,256.0,0.7217146092562535,Fitted ESS,1.0,1.0,0.0033088202540863675,100.0
43.0,6.0,2.0,256.0,0.7217146092562535,Effective-count transfer,0.0,0.0,0.003751912867096583,100.0
43.0,6.0,2.0,256.0,0.7217146092562535,Fixed ESS 0.1,0.0,0.0,0.003751912867096583,100.0
43.0,6.0,4.0,512.0,0.7217146092562535,Raw,0.0,0.0,0.0017809328521365627,100.0
43.0,6.0,4.0,512.0,0.7217146092562535,PPO masked,1.0,1.0,0.00187762955357492,100.0
43.0,6.0,4.0,512.0,0.7217146092562535,Formula oracle,1.0,1.0,0.00187762955357492,100.0
43.0,6.0,4.0,512.0,0.7217146092562535,Fitted ESS,0.0,0.0,0.0017809328521365627,100.0
43.0,6.0,4.0,512.0,0.7217146092562535,Effective-count transfer,0.0,0.0,0.0017809328521365627,100.0
43.0,6.0,4.0,512.0,0.7217146092562535,Fixed ESS 0.1,0.0,0.0,0.0017809328521365627,100.0
43.0,6.0,8.0,1024.0,0.7217146092562535,Raw,0.0,1.0,0.0010430438521796793,100.0
43.0,6.0,8.0,1024.0,0.7217146092562535,PPO masked,1.0,0.0,0.0015372099535327535,100.0
43.0,6.0,8.0,1024.0,0.7217146092562535,Formula oracle,0.0,1.0,0.0010430438521796793,100.0
43.0,6.0,8.0,1024.0,0.7217146092562535,Fitted ESS,0.0,1.0,0.0010430438521796793,100.0
43.0,6.0,8.0,1024.0,0.7217146092562535,Effective-count transfer,0.0,1.0,0.0010430438521796793,100.0
43.0,6.0,8.0,1024.0,0.7217146092562535,Fixed ESS 0.1,0.0,1.0,0.0010430438521796793,100.0
44.0,6.0,1.0,128.0,0.6291494359124491,Raw,0.0,0.0,0.02580817129777621,100.0
44.0,6.0,1.0,128.0,0.6291494359124491,PPO masked,1.0,1.0,0.023838044505001488,100.0
44.0,6.0,1.0,128.0,0.6291494359124491,Formula oracle,1.0,1.0,0.023838044505001488,100.0
44.0,6.0,1.0,128.0,0.6291494359124491,Fitted ESS,1.0,1.0,0.023838044505001488,100.0
44.0,6.0,1.0,128.0,0.6291494359124491,Effective-count transfer,1.0,1.0,0.023838044505001488,100.0
44.0,6.0,1.0,128.0,0.6291494359124491,Fixed ESS 0.1,0.0,0.0,0.02580817129777621,100.0
44.0,6.0,2.0,256.0,0.6291494359124491,Raw,0.0,0.0,0.01250344328249966,100.0
44.0,6.0,2.0,256.0,0.6291494359124491,PPO masked,1.0,1.0,0.012182681689417671,100.0
44.0,6.0,2.0,256.0,0.6291494359124491,Formula oracle,1.0,1.0,0.012182681689417671,100.0
44.0,6.0,2.0,256.0,0.6291494359124491,Fitted ESS,1.0,1.0,0.012182681689417671,100.0
44.0,6.0,2.0,256.0,0.6291494359124491,Effective-count transfer,0.0,0.0,0.01250344328249966,100.0
44.0,6.0,2.0,256.0,0.6291494359124491,Fixed ESS 0.1,0.0,0.0,0.01250344328249966,100.0
44.0,6.0,4.0,512.0,0.6291494359124491,Raw,0.0,1.0,0.005788809649716569,100.0
44.0,6.0,4.0,512.0,0.6291494359124491,PPO masked,1.0,0.0,0.006120206056334485,100.0
44.0,6.0,4.0,512.0,0.6291494359124491,Formula oracle,0.0,1.0,0.005788809649716569,100.0
44.0,6.0,4.0,512.0,0.6291494359124491,Fitted ESS,0.0,1.0,0.005788809649716569,100.0
44.0,6.0,4.0,512.0,0.6291494359124491,Effective-count transfer,0.0,1.0,0.005788809649716569,100.0
44.0,6.0,4.0,512.0,0.6291494359124491,Fixed ESS 0.1,0.0,1.0,0.005788809649716569,100.0
44.0,6.0,8.0,1024.0,0.6291494359124491,Raw,0.0,1.0,0.003322294707961621,100.0
44.0,6.0,8.0,1024.0,0.6291494359124491,PPO masked,1.0,0.0,0.0041127072655049975,100.0
44.0,6.0,8.0,1024.0,0.6291494359124491,Formula oracle,0.0,1.0,0.003322294707961621,100.0
44.0,6.0,8.0,1024.0,0.6291494359124491,Fitted ESS,0.0,1.0,0.003322294707961621,100.0
44.0,6.0,8.0,1024.0,0.6291494359124491,Effective-count transfer,0.0,1.0,0.003322294707961621,100.0
44.0,6.0,8.0,1024.0,0.6291494359124491,Fixed ESS 0.1,0.0,1.0,0.003322294707961621,100.0
46.0,6.0,1.0,128.0,0.7678451947029293,Raw,0.0,0.0,0.0235498057311356,100.0
46.0,6.0,1.0,128.0,0.7678451947029293,PPO masked,1.0,1.0,0.02146115867197047,100.0
46.0,6.0,1.0,128.0,0.7678451947029293,Formula oracle,1.0,1.0,0.02146115867197047,100.0
46.0,6.0,1.0,128.0,0.7678451947029293,Fitted ESS,1.0,1.0,0.02146115867197047,100.0
46.0,6.0,1.0,128.0,0.7678451947029293,Effective-count transfer,1.0,1.0,0.02146115867197047,100.0
46.0,6.0,1.0,128.0,0.7678451947029293,Fixed ESS 0.1,0.0,0.0,0.0235498057311356,100.0
46.0,6.0,2.0,256.0,0.7678451947029293,Raw,0.0,0.0,0.010844150539416876,100.0
46.0,6.0,2.0,256.0,0.7678451947029293,PPO masked,1.0,1.0,0.010558635781643653,100.0
46.0,6.0,2.0,256.0,0.7678451947029293,Formula oracle,1.0,1.0,0.010558635781643653,100.0
46.0,6.0,2.0,256.0,0.7678451947029293,Fitted ESS,1.0,1.0,0.010558635781643653,100.0
46.0,6.0,2.0,256.0,0.7678451947029293,Effective-count transfer,0.0,0.0,0.010844150539416876,100.0
46.0,6.0,2.0,256.0,0.7678451947029293,Fixed ESS 0.1,0.0,0.0,0.010844150539416876,100.0
46.0,6.0,4.0,512.0,0.7678451947029293,Raw,0.0,1.0,0.005636415340460464,100.0
46.0,6.0,4.0,512.0,0.7678451947029293,PPO masked,1.0,0.0,0.0060948487873850555,100.0
46.0,6.0,4.0,512.0,0.7678451947029293,Formula oracle,0.0,1.0,0.005636415340460464,100.0
46.0,6.0,4.0,512.0,0.7678451947029293,Fitted ESS,0.0,1.0,0.005636415340460464,100.0
46.0,6.0,4.0,512.0,0.7678451947029293,Effective-count transfer,0.0,1.0,0.005636415340460464,100.0
46.0,6.0,4.0,512.0,0.7678451947029293,Fixed ESS 0.1,0.0,1.0,0.005636415340460464,100.0
46.0,6.0,8.0,1024.0,0.7678451947029293,Raw,0.0,1.0,0.002873069650930959,100.0
46.0,6.0,8.0,1024.0,0.7678451947029293,PPO masked,1.0,0.0,0.003698067340641191,100.0
46.0,6.0,8.0,1024.0,0.7678451947029293,Formula oracle,0.0,1.0,0.002873069650930959,100.0
46.0,6.0,8.0,1024.0,0.7678451947029293,Fitted ESS,0.0,1.0,0.002873069650930959,100.0
46.0,6.0,8.0,1024.0,0.7678451947029293,Effective-count transfer,0.0,1.0,0.002873069650930959,100.0
46.0,6.0,8.0,1024.0,0.7678451947029293,Fixed ESS 0.1,0.0,1.0,0.002873069650930959,100.0
47.0,6.0,1.0,128.0,0.6077406524751604,Raw,0.0,0.0,0.023644041960753297,100.0
47.0,6.0,1.0,128.0,0.6077406524751604,PPO masked,1.0,1.0,0.020266239554128884,100.0
47.0,6.0,1.0,128.0,0.6077406524751604,Formula oracle,1.0,1.0,0.020266239554128884,100.0
47.0,6.0,1.0,128.0,0.6077406524751604,Fitted ESS,1.0,1.0,0.020266239554128884,100.0
47.0,6.0,1.0,128.0,0.6077406524751604,Effective-count transfer,1.0,1.0,0.020266239554128884,100.0
47.0,6.0,1.0,128.0,0.6077406524751604,Fixed ESS 0.1,0.0,0.0,0.023644041960753297,100.0
47.0,6.0,2.0,256.0,0.6077406524751604,Raw,0.0,0.0,0.01142703116235754,100.0
47.0,6.0,2.0,256.0,0.6077406524751604,PPO masked,1.0,1.0,0.011023045944967037,100.0
47.0,6.0,2.0,256.0,0.6077406524751604,Formula oracle,1.0,1.0,0.011023045944967037,100.0
47.0,6.0,2.0,256.0,0.6077406524751604,Fitted ESS,1.0,1.0,0.011023045944967037,100.0
47.0,6.0,2.0,256.0,0.6077406524751604,Effective-count transfer,0.0,0.0,0.01142703116235754,100.0
47.0,6.0,2.0,256.0,0.6077406524751604,Fixed ESS 0.1,0.0,0.0,0.01142703116235754,100.0
47.0,6.0,4.0,512.0,0.6077406524751604,Raw,0.0,1.0,0.005976413376095693,100.0
47.0,6.0,4.0,512.0,0.6077406524751604,PPO masked,1.0,0.0,0.0067358770661237344,100.0
47.0,6.0,4.0,512.0,0.6077406524751604,Formula oracle,0.0,1.0,0.005976413376095693,100.0
47.0,6.0,4.0,512.0,0.6077406524751604,Fitted ESS,0.0,1.0,0.005976413376095693,100.0
47.0,6.0,4.0,512.0,0.6077406524751604,Effective-count transfer,0.0,1.0,0.005976413376095693,100.0
47.0,6.0,4.0,512.0,0.6077406524751604,Fixed ESS 0.1,0.0,1.0,0.005976413376095693,100.0
47.0,6.0,8.0,1024.0,0.6077406524751604,Raw,0.0,1.0,0.0030293081679945077,100.0
47.0,6.0,8.0,1024.0,0.6077406524751604,PPO masked,1.0,0.0,0.004775374681038735,100.0
47.0,6.0,8.0,1024.0,0.6077406524751604,Formula oracle,0.0,1.0,0.0030293081679945077,100.0
47.0,6.0,8.0,1024.0,0.6077406524751604,Fitted ESS,0.0,1.0,0.0030293081679945077,100.0
47.0,6.0,8.0,1024.0,0.6077406524751604,Effective-count transfer,0.0,1.0,0.0030293081679945077,100.0
47.0,6.0,8.0,1024.0,0.6077406524751604,Fixed ESS 0.1,0.0,1.0,0.0030293081679945077,100.0
49.0,7.0,1.0,128.0,0.8544307440826742,Raw,0.0,0.0,0.022052451354993258,100.0
49.0,7.0,1.0,128.0,0.8544307440826742,PPO masked,1.0,1.0,0.01911629538031754,100.0
49.0,7.0,1.0,128.0,0.8544307440826742,Formula oracle,1.0,1.0,0.01911629538031754,100.0
49.0,7.0,1.0,128.0,0.8544307440826742,Fitted ESS,1.0,1.0,0.01911629538031754,100.0
49.0,7.0,1.0,128.0,0.8544307440826742,Effective-count transfer,1.0,1.0,0.01911629538031754,100.0
49.0,7.0,1.0,128.0,0.8544307440826742,Fixed ESS 0.1,0.0,0.0,0.022052451354993258,100.0
49.0,7.0,2.0,256.0,0.8544307440826742,Raw,0.0,0.0,0.010123723083629648,100.0
49.0,7.0,2.0,256.0,0.8544307440826742,PPO masked,1.0,1.0,0.009993952556067161,100.0
49.0,7.0,2.0,256.0,0.8544307440826742,Formula oracle,1.0,1.0,0.009993952556067161,100.0
49.0,7.0,2.0,256.0,0.8544307440826742,Fitted ESS,1.0,1.0,0.009993952556067161,100.0
49.0,7.0,2.0,256.0,0.8544307440826742,Effective-count transfer,0.0,0.0,0.010123723083629648,100.0
49.0,7.0,2.0,256.0,0.8544307440826742,Fixed ESS 0.1,0.0,0.0,0.010123723083629648,100.0
49.0,7.0,4.0,512.0,0.8544307440826742,Raw,0.0,1.0,0.00514850183927173,100.0
49.0,7.0,4.0,512.0,0.8544307440826742,PPO masked,1.0,0.0,0.005964214009216661,100.0
49.0,7.0,4.0,512.0,0.8544307440826742,Formula oracle,0.0,1.0,0.00514850183927173,100.0
49.0,7.0,4.0,512.0,0.8544307440826742,Fitted ESS,0.0,1.0,0.00514850183927173,100.0
49.0,7.0,4.0,512.0,0.8544307440826742,Effective-count transfer,0.0,1.0,0.00514850183927173,100.0
49.0,7.0,4.0,512.0,0.8544307440826742,Fixed ESS 0.1,0.0,1.0,0.00514850183927173,100.0
49.0,7.0,8.0,1024.0,0.8544307440826742,Raw,0.0,1.0,0.002616841530670653,100.0
49.0,7.0,8.0,1024.0,0.8544307440826742,PPO masked,1.0,0.0,0.0038491682400989043,100.0
49.0,7.0,8.0,1024.0,0.8544307440826742,Formula oracle,0.0,1.0,0.002616841530670653,100.0
49.0,7.0,8.0,1024.0,0.8544307440826742,Fitted ESS,0.0,1.0,0.002616841530670653,100.0
49.0,7.0,8.0,1024.0,0.8544307440826742,Effective-count transfer,0.0,1.0,0.002616841530670653,100.0
49.0,7.0,8.0,1024.0,0.8544307440826742,Fixed ESS 0.1,0.0,1.0,0.002616841530670653,100.0
51.0,7.0,1.0,128.0,1.0,Raw,0.0,1.0,0.0005825338602550039,100.0
51.0,7.0,1.0,128.0,1.0,PPO masked,1.0,0.0,0.0005825338602550039,100.0
51.0,7.0,1.0,128.0,1.0,Formula oracle,0.0,1.0,0.0005825338602550039,100.0
51.0,7.0,1.0,128.0,1.0,Fitted ESS,1.0,0.0,0.0005825338602550039,100.0
51.0,7.0,1.0,128.0,1.0,Effective-count transfer,1.0,0.0,0.0005825338602550039,100.0
51.0,7.0,1.0,128.0,1.0,Fixed ESS 0.1,0.0,1.0,0.0005825338602550039,100.0
51.0,7.0,2.0,256.0,1.0,Raw,0.0,1.0,0.00022083328261302828,100.0
51.0,7.0,2.0,256.0,1.0,PPO masked,1.0,0.0,0.00022083328261302828,100.0
51.0,7.0,2.0,256.0,1.0,Formula oracle,0.0,1.0,0.00022083328261302828,100.0
51.0,7.0,2.0,256.0,1.0,Fitted ESS,1.0,0.0,0.00022083328261302828,100.0
51.0,7.0,2.0,256.0,1.0,Effective-count transfer,0.0,1.0,0.00022083328261302828,100.0
51.0,7.0,2.0,256.0,1.0,Fixed ESS 0.1,0.0,1.0,0.00022083328261302828,100.0
51.0,7.0,4.0,512.0,1.0,Raw,0.0,1.0,8.025583052799464e-05,100.0
51.0,7.0,4.0,512.0,1.0,PPO masked,1.0,0.0,8.025583052799464e-05,100.0
51.0,7.0,4.0,512.0,1.0,Formula oracle,0.0,1.0,8.025583052799464e-05,100.0
51.0,7.0,4.0,512.0,1.0,Fitted ESS,0.0,1.0,8.025583052799464e-05,100.0
51.0,7.0,4.0,512.0,1.0,Effective-count transfer,0.0,1.0,8.025583052799464e-05,100.0
51.0,7.0,4.0,512.0,1.0,Fixed ESS 0.1,0.0,1.0,8.025583052799464e-05,100.0
51.0,7.0,8.0,1024.0,1.0,Raw,0.0,1.0,3.798693636903015e-05,100.0
51.0,7.0,8.0,1024.0,1.0,PPO masked,1.0,0.0,3.798693636903015e-05,100.0
51.0,7.0,8.0,1024.0,1.0,Formula oracle,0.0,1.0,3.798693636903015e-05,100.0
51.0,7.0,8.0,1024.0,1.0,Fitted ESS,0.0,1.0,3.798693636903015e-05,100.0
51.0,7.0,8.0,1024.0,1.0,Effective-count transfer,0.0,1.0,3.798693636903015e-05,100.0
51.0,7.0,8.0,1024.0,1.0,Fixed ESS 0.1,0.0,1.0,3.798693636903015e-05,100.0
53.0,7.0,1.0,128.0,0.8560202296229555,Raw,0.0,0.0,0.020125510625356453,100.0
53.0,7.0,1.0,128.0,0.8560202296229555,PPO masked,1.0,1.0,0.018135820907139923,100.0
53.0,7.0,1.0,128.0,0.8560202296229555,Formula oracle,1.0,1.0,0.018135820907139923,100.0
53.0,7.0,1.0,128.0,0.8560202296229555,Fitted ESS,1.0,1.0,0.018135820907139923,100.0
53.0,7.0,1.0,128.0,0.8560202296229555,Effective-count transfer,1.0,1.0,0.018135820907139923,100.0
53.0,7.0,1.0,128.0,0.8560202296229555,Fixed ESS 0.1,0.0,0.0,0.020125510625356453,100.0
53.0,7.0,2.0,256.0,0.8560202296229555,Raw,0.0,0.0,0.010929446756464565,100.0
53.0,7.0,2.0,256.0,0.8560202296229555,PPO masked,1.0,1.0,0.009998653652258235,100.0
53.0,7.0,2.0,256.0,0.8560202296229555,Formula oracle,1.0,1.0,0.009998653652258235,100.0
53.0,7.0,2.0,256.0,0.8560202296229555,Fitted ESS,1.0,1.0,0.009998653652258235,100.0
53.0,7.0,2.0,256.0,0.8560202296229555,Effective-count transfer,0.0,0.0,0.010929446756464565,100.0
53.0,7.0,2.0,256.0,0.8560202296229555,Fixed ESS 0.1,0.0,0.0,0.010929446756464565,100.0
53.0,7.0,4.0,512.0,0.8560202296229555,Raw,0.0,1.0,0.005491972161062005,100.0
53.0,7.0,4.0,512.0,0.8560202296229555,PPO masked,1.0,0.0,0.0059519703621816935,100.0
53.0,7.0,4.0,512.0,0.8560202296229555,Formula oracle,0.0,1.0,0.005491972161062005,100.0
53.0,7.0,4.0,512.0,0.8560202296229555,Fitted ESS,0.0,1.0,0.005491972161062005,100.0
53.0,7.0,4.0,512.0,0.8560202296229555,Effective-count transfer,0.0,1.0,0.005491972161062005,100.0
53.0,7.0,4.0,512.0,0.8560202296229555,Fixed ESS 0.1,0.0,1.0,0.005491972161062005,100.0
53.0,7.0,8.0,1024.0,0.8560202296229555,Raw,0.0,1.0,0.0026593734524149133,100.0
53.0,7.0,8.0,1024.0,0.8560202296229555,PPO masked,1.0,0.0,0.0038665545723994836,100.0
53.0,7.0,8.0,1024.0,0.8560202296229555,Formula oracle,0.0,1.0,0.0026593734524149133,100.0
53.0,7.0,8.0,1024.0,0.8560202296229555,Fitted ESS,0.0,1.0,0.0026593734524149133,100.0
53.0,7.0,8.0,1024.0,0.8560202296229555,Effective-count transfer,0.0,1.0,0.0026593734524149133,100.0
53.0,7.0,8.0,1024.0,0.8560202296229555,Fixed ESS 0.1,0.0,1.0,0.0026593734524149133,100.0
54.0,7.0,1.0,128.0,0.8766491291552047,Raw,0.0,0.0,0.021295963034742075,100.0
54.0,7.0,1.0,128.0,0.8766491291552047,PPO masked,1.0,1.0,0.01827260499560819,100.0
54.0,7.0,1.0,128.0,0.8766491291552047,Formula oracle,1.0,1.0,0.01827260499560819,100.0
54.0,7.0,1.0,128.0,0.8766491291552047,Fitted ESS,1.0,1.0,0.01827260499560819,100.0
54.0,7.0,1.0,128.0,0.8766491291552047,Effective-count transfer,1.0,1.0,0.01827260499560819,100.0
54.0,7.0,1.0,128.0,0.8766491291552047,Fixed ESS 0.1,0.0,0.0,0.021295963034742075,100.0
54.0,7.0,2.0,256.0,0.8766491291552047,Raw,0.0,0.0,0.010803699363486501,100.0
54.0,7.0,2.0,256.0,0.8766491291552047,PPO masked,1.0,1.0,0.01051304140093835,100.0
54.0,7.0,2.0,256.0,0.8766491291552047,Formula oracle,1.0,1.0,0.01051304140093835,100.0
54.0,7.0,2.0,256.0,0.8766491291552047,Fitted ESS,1.0,1.0,0.01051304140093835,100.0
54.0,7.0,2.0,256.0,0.8766491291552047,Effective-count transfer,0.0,0.0,0.010803699363486501,100.0
54.0,7.0,2.0,256.0,0.8766491291552047,Fixed ESS 0.1,0.0,0.0,0.010803699363486501,100.0
54.0,7.0,4.0,512.0,0.8766491291552047,Raw,0.0,1.0,0.005355810480824623,100.0
54.0,7.0,4.0,512.0,0.8766491291552047,PPO masked,1.0,0.0,0.006161216299944738,100.0
54.0,7.0,4.0,512.0,0.8766491291552047,Formula oracle,0.0,1.0,0.005355810480824623,100.0
54.0,7.0,4.0,512.0,0.8766491291552047,Fitted ESS,0.0,1.0,0.005355810480824623,100.0
54.0,7.0,4.0,512.0,0.8766491291552047,Effective-count transfer,0.0,1.0,0.005355810480824623,100.0
54.0,7.0,4.0,512.0,0.8766491291552047,Fixed ESS 0.1,0.0,1.0,0.005355810480824623,100.0
54.0,7.0,8.0,1024.0,0.8766491291552047,Raw,0.0,1.0,0.0026265594452543435,100.0
54.0,7.0,8.0,1024.0,0.8766491291552047,PPO masked,1.0,0.0,0.004134251297219761,100.0
54.0,7.0,8.0,1024.0,0.8766491291552047,Formula oracle,0.0,1.0,0.0026265594452543435,100.0
54.0,7.0,8.0,1024.0,0.8766491291552047,Fitted ESS,0.0,1.0,0.0026265594452543435,100.0
54.0,7.0,8.0,1024.0,0.8766491291552047,Effective-count transfer,0.0,1.0,0.0026265594452543435,100.0
54.0,7.0,8.0,1024.0,0.8766491291552047,Fixed ESS 0.1,0.0,1.0,0.0026265594452543435,100.0
