checkpoint_id,replication,rollout_batch,minibatch,selection_bin,minibatches_per_estimator,sequences_per_diagnostic,population_sequence_ess,training_sample_ess,mean_diagnostic_sample_ess,raw_gradient_mse,ppo_gradient_mse,raw_minus_ppo_mse,ppo_mse_reduction_pct,raw_relative_gain_pct,ppo_relative_gain_pct,ppo_minus_raw_gain_pct,diagnostic_draws
1.0,0.0,8.0,14.0,1.0,1.0,128.0,0.011227026110229089,0.4128898551835551,0.20559514541703477,0.08478032186460269,0.08176930829981678,0.003011013564785904,3.5515476923932945,-3.3387211646513784,-3.294774209273298,0.04394695537808074,32.0
1.0,0.0,8.0,14.0,1.0,4.0,512.0,0.011227026110229089,0.4128898551835551,0.12317957043720756,0.04755576824592787,0.028674961216487563,0.018880807029440304,39.702454036282,-0.5611031743540235,-0.19040362780906273,0.37069954654496096,32.0
2.0,2.0,1.0,14.0,1.0,1.0,128.0,4.0801509632285453e-05,0.08188554114997618,0.11651623019877512,0.14094558729823187,0.13848415816737414,0.0024614291308577337,1.7463683525256501,-1.2214522695301313,-3.0182549985880436,-1.7968027290579123,32.0
2.0,2.0,1.0,14.0,1.0,4.0,512.0,4.0801509632285453e-05,0.08188554114997618,0.05924245332065453,0.022626533379917907,0.021003388419577575,0.0016231449603403326,7.173635187884984,1.5313004646249682,-0.8778517586648341,-2.4091522232898024,32.0
3.0,2.0,1.0,15.0,1.0,1.0,128.0,3.534296787816869e-05,0.12939424165853286,0.09035002212911777,0.02952016504394738,0.025779513925626156,0.003740651118321228,12.671511533734417,1.7557903458267217,-0.3325842320362812,-2.088374577863003,32.0
3.0,2.0,1.0,15.0,1.0,4.0,512.0,3.534296787816869e-05,0.12939424165853286,0.04264718518552463,0.15588584222874494,0.15516597526901876,0.0007198669597261564,0.46179110907957416,-4.900298318213767,-7.809015747275656,-2.9087174290618893,32.0
4.0,5.0,4.0,13.0,1.0,1.0,128.0,0.0020349211003165353,0.27238285280419455,0.14573655731344404,0.050883043398790684,0.02734983469095215,0.023533208707838538,46.24960917411997,-2.828542716490565,-2.0714956921796825,0.7570470243108822,32.0
4.0,5.0,4.0,13.0,1.0,4.0,512.0,0.0020349211003165353,0.27238285280419455,0.08814446565340799,0.008944243639603597,0.00578046999589114,0.0031637736437124565,35.372176465585106,1.4362021061695873,1.0502255710582653,-0.3859765351113219,32.0
5.0,5.0,4.0,16.0,1.0,1.0,128.0,0.00539010156907017,0.09432996338318422,0.17056739886673433,0.024411466485999796,0.015055792858641854,0.009355673627357942,38.324914370562325,3.0736768698067687,1.0468249764437672,-2.026851893363002,32.0
5.0,5.0,4.0,16.0,1.0,4.0,512.0,0.00539010156907017,0.09432996338318422,0.10442786458983394,0.020285693652598476,0.00863646030253917,0.011649233350059306,57.425856613816656,3.95495780157874,1.6716452907963009,-2.283312510782439,32.0
6.0,9.0,8.0,10.0,1.0,1.0,128.0,0.017426085246850555,0.04349537815631088,0.15810895643645956,0.060944447361860485,0.00405199630853856,0.05689245105332193,93.3513281620561,4.239235395973602,0.18097588136255838,-4.058259514611043,32.0
6.0,9.0,8.0,10.0,1.0,4.0,512.0,0.017426085246850555,0.04349537815631088,0.08308598175684312,0.010284479986127845,0.0035229803750876894,0.006761499611040155,65.74469122561725,4.365429078206938,0.3251875870190645,-4.040241491187873,32.0
7.0,10.0,3.0,12.0,1.0,1.0,128.0,0.00015219022393304384,0.19421293057528016,0.08788412850277504,0.25565936121008703,0.24670220694686246,0.008957154263224592,3.5035502791012947,8.579774579603413,5.027602987305567,-3.5521715922978463,32.0
7.0,10.0,3.0,12.0,1.0,4.0,512.0,0.00015219022393304384,0.19421293057528016,0.046101769150035554,0.11472151960821046,0.1134985379437317,0.001222981664478749,1.0660438151929972,12.94981963184686,7.7166458206980675,-5.233173811148792,32.0
8.0,16.0,8.0,15.0,1.0,1.0,128.0,0.028403767221111122,0.36491909889269847,0.2984140356205814,0.030804895787007756,0.02828540471701779,0.0025194910699899635,8.178865747218602,-1.4970708951205784,-1.0632696021261416,0.43380129299443665,32.0
8.0,16.0,8.0,15.0,1.0,4.0,512.0,0.028403767221111122,0.36491909889269847,0.22015024306262868,0.008687933817339445,0.008144462278336654,0.0005434715390027902,6.255475127102437,-0.10109602969173088,0.3126082487341093,0.4137042784258402,32.0
9.0,3.0,4.0,13.0,2.0,1.0,128.0,0.05967202096628819,0.3453369562081426,0.23008303510490502,0.02605910445311902,0.007979313117857777,0.018079791335261244,69.37994115564193,0.7590460278708299,0.055059537736626585,-0.7039864901342033,32.0
9.0,3.0,4.0,13.0,2.0,4.0,512.0,0.05967202096628819,0.3453369562081426,0.16035777628968517,0.010803230067601657,0.009221450795863383,0.0015817792717382748,14.6417253158567,1.9248528976308195,-0.015717039822983975,-1.9405699374538035,32.0
10.0,3.0,6.0,10.0,2.0,1.0,128.0,0.047291722024109105,0.21993648006544866,0.2647158814741839,0.03736873087154265,0.019754437296389035,0.017614293575153615,47.1364511567274,0.438302065853995,-1.3939700813949654,-1.8322721472489603,32.0
10.0,3.0,6.0,10.0,2.0,4.0,512.0,0.047291722024109105,0.21993648006544866,0.18194099282957615,0.03941154722945359,0.03919083340848184,0.0002207138209717604,0.5600232330052077,-0.4280769103508011,-2.3726583176381637,-1.944581407287362,32.0
11.0,6.0,6.0,14.0,2.0,1.0,128.0,0.07322635077569153,0.14289026212974268,0.25093057232202,0.22255860068386557,0.002179099598266181,0.2203795010855994,99.02088726673767,11.044943456065777,0.12334583347835433,-10.921597622587424,32.0
11.0,6.0,6.0,14.0,2.0,4.0,512.0,0.07322635077569153,0.14289026212974268,0.1670604519872244,0.03343509983103266,0.0021712322421178556,0.03126386758891481,93.50612902880393,12.988302453770055,0.07250217662205626,-12.915800277148001,32.0
12.0,8.0,4.0,15.0,2.0,1.0,128.0,0.04891045965014687,0.6267363079510828,0.21711692729592935,0.06082167736833889,0.03945810437911894,0.02136357298921996,35.124932283339,-2.6884288147144253,-2.7365032107461555,-0.04807439603173064,32.0
12.0,8.0,4.0,15.0,2.0,4.0,512.0,0.04891045965014687,0.6267363079510828,0.14471609334956453,0.02847232074678693,0.029004798161990572,-0.0005324774152036414,-1.870158108779141,0.43753956293012813,-0.45106539172045246,-0.8886049546505808,32.0
13.0,11.0,1.0,14.0,2.0,1.0,128.0,0.03852944704309504,0.3674425241179592,0.24759860809185763,0.025392930337253046,0.011400845256378194,0.013992085080874853,55.102285931716885,0.5394294669758783,-0.33178264291521353,-0.8712121098910919,32.0
13.0,11.0,1.0,14.0,2.0,4.0,512.0,0.03852944704309504,0.3674425241179592,0.16462950116600925,0.005855658732853345,0.004267354446588341,0.0015883042862650046,27.12426319098442,2.493621866277839,0.6918561964222119,-1.801765669855627,32.0
14.0,15.0,7.0,10.0,2.0,1.0,128.0,0.07455823162848335,0.42148242557013826,0.30069742115736076,1.332325858977276,1.3293333199782014,0.0029925389990744563,0.22461014164895052,-1.4782440303100983,-1.2217621178945879,0.25648191241551066,32.0
14.0,15.0,7.0,10.0,2.0,4.0,512.0,0.07455823162848335,0.42148242557013826,0.20841884576944608,0.09250667244515924,0.09230898944231111,0.00019768300284810894,0.21369593957160377,1.0499830279590978,0.4533295169644207,-0.5966535109946771,32.0
15.0,16.0,1.0,15.0,2.0,1.0,128.0,0.04266423924961842,0.18372091457769604,0.3195290093736317,0.02700829917503527,0.010640734235263303,0.01636756493977197,60.60198324114053,0.9753604291389433,0.13950354507227458,-0.8358568840666687,32.0
15.0,16.0,1.0,15.0,2.0,4.0,512.0,0.04266423924961842,0.18372091457769604,0.19404887385719427,0.06111929130366954,0.05959433400178209,0.0015249573018874482,2.4950506940774875,-0.3810821850396655,-2.074524773872229,-1.693442588832564,32.0
16.0,18.0,5.0,8.0,2.0,1.0,128.0,0.06352805188635263,0.7059623738894135,0.2691042991854041,0.05132998006322771,0.0365517564318877,0.014778223631340015,28.790628036746476,-2.15068439466851,-2.263670862840807,-0.11298646817229735,32.0
16.0,18.0,5.0,8.0,2.0,4.0,512.0,0.06352805188635263,0.7059623738894135,0.16585757813499732,0.012624313944615915,0.013329236300309005,-0.0007049223556930873,-5.583846843366299,1.1059654796555252,0.3367127715755049,-0.7692527080800202,32.0
17.0,0.0,4.0,5.0,3.0,1.0,128.0,0.12514345133179386,0.09227287944089108,0.30441950867692946,0.03197857158632553,0.012841319239478061,0.019137252346847468,59.84398738757555,-0.4899870315614873,-0.3886469220213163,0.10134010954017103,32.0
17.0,0.0,4.0,5.0,3.0,4.0,512.0,0.12514345133179386,0.09227287944089108,0.21864825627569529,0.008844646220020517,0.00611178343243599,0.0027328627875845266,30.898497459383822,1.7062174393595277,0.8131569611883955,-0.8930604781711324,32.0
18.0,0.0,7.0,5.0,3.0,1.0,128.0,0.11008615748349813,0.06828327579205741,0.3351663647619924,0.03433286619211422,0.018109004275190972,0.01622386191692325,47.25460969713517,0.8080616435420361,-1.115266189006784,-1.9233278325488203,32.0
18.0,0.0,7.0,5.0,3.0,4.0,512.0,0.11008615748349813,0.06828327579205741,0.22596046369298972,0.017834121754407614,0.017445843721324877,0.0003882780330827303,2.1771637450370624,1.0168498987488628,-1.2603071846890102,-2.2771570834378725,32.0
19.0,3.0,5.0,8.0,3.0,1.0,128.0,0.12240212159958949,0.43340627534259085,0.2867594477712359,0.031004513594315733,0.025208440508897485,0.005796073085418249,18.694288068047236,-0.8900285186318198,-1.5756738560413637,-0.685645337409544,32.0
19.0,3.0,5.0,8.0,3.0,4.0,512.0,0.12240212159958949,0.43340627534259085,0.23689108898728808,0.011009793584523721,0.012308238352889394,-0.0012984447683656738,-11.793543252172098,1.3457052512938916,0.04675680341022997,-1.298948447883662,32.0
20.0,8.0,6.0,14.0,3.0,1.0,128.0,0.17416232103516502,0.42550764075286057,0.3516511637026433,0.03662090712229892,0.025728840831308664,0.010892066290990253,29.74275392637104,-0.9124822724566031,-0.6176263728221824,0.29485589963442066,32.0
20.0,8.0,6.0,14.0,3.0,4.0,512.0,0.17416232103516502,0.42550764075286057,0.26656082010190124,0.010220305255403152,0.008605174156483115,0.0016151310989200376,15.803159089266623,1.4144447693821922,1.292208157264687,-0.12223661211750483,32.0
21.0,9.0,2.0,14.0,3.0,1.0,128.0,0.1349968465096469,0.265587017253916,0.2839142278545268,0.03634802762442242,0.03015159294823272,0.006196434676189702,17.04751283953104,0.2414057334915126,0.8279544012362327,0.58654866774472,32.0
21.0,9.0,2.0,14.0,3.0,4.0,512.0,0.1349968465096469,0.265587017253916,0.23786807060182014,0.009090530462278298,0.008868342791874859,0.00022218767040343995,2.4441661718798593,3.121617877921654,3.5513424047848954,0.4297245268632409,32.0
22.0,10.0,2.0,8.0,3.0,1.0,128.0,0.13887917325921986,0.4392345651597694,0.27613701059940143,0.03189926172924052,0.017412244890359578,0.014487016838880942,45.41489693976644,-0.6142421738305255,-0.9471368783059286,-0.3328947044754032,32.0
22.0,10.0,2.0,8.0,3.0,4.0,512.0,0.13887917325921986,0.4392345651597694,0.20257298213069153,0.01216617598850677,0.01080207431796006,0.0013641016705467103,11.212246739118024,2.2447433028185677,0.8670134159364393,-1.3777298868821282,32.0
23.0,14.0,5.0,15.0,3.0,1.0,128.0,0.16475572216682524,0.28335863993209537,0.3720793741615067,0.04701004145820281,0.039428031109699044,0.007582010348503767,16.128491091089597,-0.25029615713309994,0.08388611808405788,0.3341822752171578,32.0
23.0,14.0,5.0,15.0,3.0,4.0,512.0,0.16475572216682524,0.28335863993209537,0.2777559303344053,0.012880225092775092,0.013004382003185468,-0.00012415691041037675,-0.9639343219243902,3.805222240480724,3.438586931104146,-0.3666353093765776,32.0
24.0,18.0,1.0,14.0,3.0,1.0,128.0,0.10683216537150085,0.2963597962122369,0.23407627386916613,0.051783911057897467,0.048502498972904644,0.003281412084992824,6.336740539593489,10.282986546408049,6.1775018026767174,-4.105484743731331,32.0
24.0,18.0,1.0,14.0,3.0,4.0,512.0,0.10683216537150085,0.2963597962122369,0.18677534329471857,0.007071549954328262,0.007696775380644389,-0.0006252254263161263,-8.841419920019746,15.348889284764068,12.504554049673118,-2.8443352350909485,32.0
25.0,2.0,3.0,11.0,4.0,1.0,128.0,0.20017057301286428,0.22404105695550552,0.37927084817995393,0.01785202873106001,0.013972786215948716,0.003879242515111292,21.72998135703175,1.3118146612355912,1.1712936598979478,-0.1405210013376435,32.0
25.0,2.0,3.0,11.0,4.0,4.0,512.0,0.20017057301286428,0.22404105695550552,0.3058684415710021,0.0042113468501269275,0.003138214246657688,0.0010731326034692395,25.48193349205839,2.316685985184436,2.0739680029482743,-0.2427179822361613,32.0
26.0,4.0,1.0,10.0,4.0,1.0,128.0,0.3031793239093131,0.12612881574080165,0.4056364861981532,0.02452015970753681,0.013346261422940781,0.011173898284596029,45.570250837972665,1.3246986416357431,-1.1393469851735472,-2.4640456268092903,32.0
26.0,4.0,1.0,10.0,4.0,4.0,512.0,0.3031793239093131,0.12612881574080165,0.3958266593663461,0.0043751700492679225,0.0035709868583575326,0.0008041831909103895,18.380615652755022,3.4802965455798467,0.39024562783608563,-3.0900509177437607,32.0
27.0,8.0,1.0,16.0,4.0,1.0,128.0,0.36522280607438,0.44358199302716234,0.45579756810762817,0.027708648577883216,0.015581056196587926,0.012127592381295288,43.76825649654895,1.7740148601803873,0.8814345429317147,-0.8925803172486727,32.0
27.0,8.0,1.0,16.0,4.0,4.0,512.0,0.36522280607438,0.44358199302716234,0.3932569452605301,0.005216046421856127,0.006188400932091552,-0.000972354510235425,-18.641600008793887,4.112581199080479,2.70739925623752,-1.4051819428429582,32.0
28.0,11.0,2.0,7.0,4.0,1.0,128.0,0.20552904127726604,0.4805052107650809,0.3646209443376124,0.029608458040002998,0.02465213338265541,0.004956324657347584,16.739556820727575,2.1793456197878083,3.3767114730724193,1.1973658532846105,32.0
28.0,11.0,2.0,7.0,4.0,4.0,512.0,0.20552904127726604,0.4805052107650809,0.27455543821930495,0.008704937481288479,0.009385298864377622,-0.0006803613830891425,-7.815810102618192,6.1573713777202705,6.7943885461026134,0.6370171683823438,32.0
29.0,14.0,1.0,8.0,4.0,1.0,128.0,0.30687556346184414,0.3959448966380055,0.3668190546512745,0.023042252435400697,0.011422721892113897,0.011619530543286802,50.427060357325445,1.997113949417106,-0.4799121032212836,-2.477026052638389,32.0
29.0,14.0,1.0,8.0,4.0,4.0,512.0,0.30687556346184414,0.3959448966380055,0.3493526057369022,0.006122440009117796,0.005136719105941136,0.0009857209031766605,16.100131674768285,3.5720632084843773,0.6448888551577442,-2.927174353326633,32.0
30.0,16.0,6.0,9.0,4.0,1.0,128.0,0.32474639874605865,0.7478215194673774,0.48781006694784035,0.022191597293309228,0.02014756755000552,0.0020440297433037065,9.21082748703259,0.08182873153042469,0.7530636126716006,0.6712348811411759,32.0
30.0,16.0,6.0,9.0,4.0,4.0,512.0,0.32474639874605865,0.7478215194673774,0.4273183278127083,0.007224685032585346,0.006951174665677899,0.0002735103669074474,3.785775652140395,1.6649725177194714,2.144965245679455,0.47999272795998316,32.0
31.0,18.0,5.0,10.0,4.0,1.0,128.0,0.21210436068925184,0.37514622320862684,0.3251366572622788,0.08230773354152163,0.025854188352705844,0.05645354518881579,68.58838502743703,-1.717160267431312,-0.6739239990651946,1.0432362683661174,32.0
31.0,18.0,5.0,10.0,4.0,4.0,512.0,0.21210436068925184,0.37514622320862684,0.29321436293763464,0.013900314473677023,0.008814228287939025,0.005086086185737997,36.58972029279985,2.0727483394231028,1.3041902237509135,-0.7685581156721893,32.0
32.0,18.0,7.0,15.0,4.0,1.0,128.0,0.3975957480168304,0.5686646730105599,0.5425966749991546,0.020075978494330494,0.018349757243664166,0.0017262212506663275,8.598441421691184,-0.25441351829432735,-0.18206764474438647,0.07234587354994085,32.0
32.0,18.0,7.0,15.0,4.0,4.0,512.0,0.3975957480168304,0.5686646730105599,0.4798169517552414,0.004865188231476784,0.004900465449692311,-3.527721821552651e-05,-0.7250946219776254,0.7804477259998845,0.6147646263808666,-0.16568309961901784,32.0
33.0,5.0,5.0,4.0,5.0,1.0,128.0,0.5742689214885942,0.6030896398539781,0.6092100479139628,0.019703069872314415,0.017269505381628962,0.00243356449068545,12.35119454204926,0.31744787433368904,-0.07465007092122183,-0.39209794525491093,32.0
33.0,5.0,5.0,4.0,5.0,4.0,512.0,0.5742689214885942,0.6030896398539781,0.5873506158786486,0.006165627572351281,0.006835453935329105,-0.0006698263629778245,-10.863879712448869,1.6884511263802267,1.2628663350175153,-0.4255847913627111,32.0
34.0,11.0,2.0,13.0,5.0,1.0,128.0,0.49302073488112047,0.6239822284027297,0.5714593413273421,0.019891723635621614,0.012118259687210399,0.007773463948411217,39.07888572557225,1.503581409143539,0.6169930766268698,-0.8865883325166691,32.0
34.0,11.0,2.0,13.0,5.0,4.0,512.0,0.49302073488112047,0.6239822284027297,0.5090312981484119,0.00423961613680327,0.005966851108345663,-0.001727234971542393,-40.740362235830915,2.9137006061029505,1.6102767542066865,-1.3034238518962638,32.0
35.0,11.0,4.0,5.0,5.0,1.0,128.0,0.5767185197951137,0.7163770196158935,0.635172947253767,0.021506238295659782,0.01920422484137555,0.0023020134542842316,10.703933540756896,0.28905172796786405,0.7370111969044281,0.44795946893656413,32.0
35.0,11.0,4.0,5.0,5.0,4.0,512.0,0.5767185197951137,0.7163770196158935,0.5861791634279362,0.0052695659700067125,0.005704525158074726,-0.00043495918806801283,-8.254174832305187,1.8385336488211357,2.3449344751036887,0.5064008262825531,32.0
36.0,12.0,1.0,10.0,5.0,1.0,128.0,0.5774700004849331,0.7172246854421803,0.6118810234498424,0.014512664111179251,0.010852498197027426,0.0036601659141518254,25.220496292836838,2.9185789020594712,0.31873030650080747,-2.599848595558664,32.0
36.0,12.0,1.0,10.0,5.0,4.0,512.0,0.5774700004849331,0.7172246854421803,0.5860752539060377,0.004123914124088213,0.00485390829529554,-0.0007299941712073277,-17.7014881794787,3.9408711017093796,1.0149180295420177,-2.9259530721673617,32.0
37.0,14.0,4.0,11.0,5.0,1.0,128.0,0.5816793723187971,0.3358111312274625,0.6127979708624138,0.023739543763031293,0.022463530136346332,0.0012760136266849592,5.375055390373793,1.936291165638402,0.7543582406200948,-1.1819329250183073,32.0
37.0,14.0,4.0,11.0,5.0,4.0,512.0,0.5816793723187971,0.3358111312274625,0.603739913011471,0.005425679410501679,0.007174738806230154,-0.0017490593957284737,-32.23668896365458,4.2523476409758345,2.868147705389669,-1.3841999355861652,32.0
38.0,16.0,3.0,13.0,5.0,1.0,128.0,0.4625412519766238,0.27822544507805863,0.5089206715304444,0.025529347737095563,0.01985064785197621,0.00567869988511935,22.243811097719053,3.382674792797299,0.38511064868674194,-2.997564144110558,32.0
38.0,16.0,3.0,13.0,5.0,4.0,512.0,0.4625412519766238,0.27822544507805863,0.502017072799197,0.007291583243143265,0.00951104303954037,-0.0022194597963971045,-30.438654025985407,5.235138721626047,1.6910939139209755,-3.5440448077050712,32.0
39.0,19.0,6.0,15.0,5.0,1.0,128.0,0.5739070010943166,0.7079904374356658,0.6550162435279401,0.02321019984915607,0.01653226891913654,0.006677930930019526,28.771535675778935,0.01546075588071344,-0.12030222496586757,-0.135762980846581,32.0
39.0,19.0,6.0,15.0,5.0,4.0,512.0,0.5739070010943166,0.7079904374356658,0.6007913943995893,0.006226177636206552,0.007358640534516094,-0.0011324628983095414,-18.18873415567246,1.4343636843241745,0.7288841789895948,-0.7054795053345795,32.0
40.0,19.0,7.0,12.0,5.0,1.0,128.0,0.4363658899517935,0.4767014606747359,0.5016295506106471,0.03793672654493577,0.034346571179578476,0.0035901553653572855,9.463534923353953,-1.0741546275194382,-0.5292911487066525,0.5448634788127856,32.0
40.0,19.0,7.0,12.0,5.0,4.0,512.0,0.4363658899517935,0.4767014606747359,0.4587840397667152,0.009568936113388589,0.008943427265034656,0.0006255088483539323,6.5368693127623425,0.6288581049455064,1.1196900668924497,0.4908319619469434,32.0
41.0,3.0,1.0,6.0,6.0,1.0,128.0,0.7498613162507397,0.6619965886228195,0.7702431152621279,0.013381597585447913,0.010500200991468705,0.002881396593979209,21.532530593452023,2.9140552547592025,-1.3496132260508835,-4.263668480810086,32.0
41.0,3.0,1.0,6.0,6.0,4.0,512.0,0.7498613162507397,0.6619965886228195,0.7636359429863087,0.003416949131342902,0.004396976896350743,-0.0009800277650078408,-28.681368300694547,3.7822988858644657,-0.20789643489047904,-3.9901953207549443,32.0
42.0,3.0,4.0,3.0,6.0,1.0,128.0,0.7217967020388358,0.8460627017643755,0.7381546187957424,0.013202741866721938,0.011055184461540088,0.002147557405181851,16.26599555502073,7.225444327210096,6.114531048286356,-1.1109132789237404,32.0
42.0,3.0,4.0,3.0,6.0,4.0,512.0,0.7217967020388358,0.8460627017643755,0.7236242994635617,0.003769811769686356,0.0036862175933412107,8.359417634514558e-05,2.2174628722139227,8.187012275827794,6.5226084528474,-1.6644038229803912,32.0
43.0,6.0,8.0,9.0,6.0,1.0,128.0,0.7217146092562535,0.7387888485922723,0.7370867314340102,0.004839333452889088,0.0039406359788155074,0.0008986974740735803,18.570687116777556,0.9024380688874913,0.0071751431379126415,-0.8952629257495788,32.0
43.0,6.0,8.0,9.0,6.0,4.0,512.0,0.7217146092562535,0.7387888485922723,0.7164859756011444,0.0016641785366574933,0.0020098675897191895,-0.0003456890530616957,-20.77235377377316,1.211296276473604,0.14463345902159871,-1.0666628174520052,32.0
44.0,7.0,5.0,6.0,6.0,1.0,128.0,0.6291494359124491,0.6400693643393975,0.6435564293671466,0.023732413999789523,0.021925825216638897,0.0018065887831506268,7.612326260475016,1.6860538456404297,2.7609485167248864,1.074894671084457,32.0
44.0,7.0,5.0,6.0,6.0,4.0,512.0,0.6291494359124491,0.6400693643393975,0.6394660211918202,0.006468376381305597,0.00704188080578841,-0.0005735044244828136,-8.866280974933863,4.195415697365291,5.127664153863591,0.9322484564983002,32.0
45.0,7.0,6.0,11.0,6.0,1.0,128.0,0.7875739934281624,0.7806660174501637,0.7995484109106772,0.01978196662840378,0.016032068488306662,0.003749898140097111,18.956144303230445,0.3360659510774151,0.737199898464133,0.40113394738671787,32.0
45.0,7.0,6.0,11.0,6.0,4.0,512.0,0.7875739934281624,0.7806660174501637,0.7848293155852948,0.005558473406491312,0.0058640595010187695,-0.000305586094527458,-5.497662256881315,1.602905739044317,1.6007318465260685,-0.0021738925182484825,32.0
46.0,9.0,5.0,4.0,6.0,1.0,128.0,0.7678451947029293,0.8178534696690343,0.7701488293627229,0.02075721489312226,0.01941309849668417,0.001344116396438091,6.4754178407790794,0.6881963811038375,1.1804059002734044,0.4922095191695668,32.0
46.0,9.0,5.0,4.0,6.0,4.0,512.0,0.7678451947029293,0.8178534696690343,0.7750271638992082,0.005147504545935497,0.005812415301012388,-0.0006649107550768912,-12.917147506006751,2.430559891526575,2.9081567679474487,0.4775968764208744,32.0
47.0,15.0,4.0,3.0,6.0,1.0,128.0,0.6077406524751604,0.5521773485340578,0.6264110005963894,0.021912467116539797,0.018734874935316594,0.003177592181223203,14.501298116380141,0.8274934563443306,1.4104176423703596,0.582924186026029,32.0
47.0,15.0,4.0,3.0,6.0,4.0,512.0,0.6077406524751604,0.5521773485340578,0.6169317306674935,0.005538553222706471,0.007411684768734205,-0.001873131546027734,-33.81987083465109,2.730818742671075,2.9655141644549667,0.23469542178389116,32.0
48.0,17.0,2.0,11.0,6.0,1.0,128.0,0.6662966330948953,0.5697771648217237,0.6933953431262103,0.017941690761367677,0.013088092324484088,0.004853598436883588,27.052068288538507,0.5047697585274981,-0.8343116303643392,-1.3390813888918371,32.0
48.0,17.0,2.0,11.0,6.0,4.0,512.0,0.6662966330948953,0.5697771648217237,0.6777180137886878,0.00483878495912279,0.006425428351040126,-0.0015866433919173363,-32.79011994376734,1.8866051194347726,-0.06395490608448226,-1.9505600255192548,32.0
49.0,5.0,6.0,4.0,7.0,1.0,128.0,0.8544307440826742,0.884315440821196,0.8563888982174533,0.01837854720024629,0.01712690080406876,0.0012516463961775317,6.810366361062307,0.23316494323242798,0.6111322803760894,0.37796733714366143,32.0
49.0,5.0,6.0,4.0,7.0,4.0,512.0,0.8544307440826742,0.884315440821196,0.8561810531783791,0.004476737786123421,0.004808281689626975,-0.00033154390350355394,-7.405926354034921,1.3655180762105676,1.7111394317824742,0.34562135557190643,32.0
50.0,6.0,1.0,2.0,7.0,1.0,128.0,0.8871187297277737,0.9054127023810689,0.8879152622672322,0.011620559438270705,0.01015801803659068,0.001462541401680025,12.585808879935223,4.384573806098496,1.5694887973579497,-2.815085008740546,32.0
50.0,6.0,1.0,2.0,7.0,4.0,512.0,0.8871187297277737,0.9054127023810689,0.8888431565708925,0.0031419126481509996,0.0044778336652053965,-0.0013359210170543973,-42.519355776507034,4.860565111833141,2.255212929336844,-2.605352182496297,32.0
51.0,6.0,5.0,11.0,7.0,1.0,128.0,1.0,1.0,1.0,0.0002717272634211916,0.0002717272634211916,0.0,0.0,9.029733705464032,9.029733705464032,0.0,32.0
51.0,6.0,5.0,11.0,7.0,4.0,512.0,1.0,1.0,1.0,7.082250940769615e-05,7.082250940769615e-05,0.0,0.0,6.449210702914016,6.449210702914016,0.0,32.0
52.0,7.0,6.0,2.0,7.0,1.0,128.0,0.9244921106681042,0.9406676535443073,0.9297755832411292,0.018168833452066914,0.01663084287680826,0.0015379905752586514,8.464993524852238,0.14906130864870315,0.2611405212028422,0.11207921255413902,32.0
52.0,7.0,6.0,2.0,7.0,4.0,512.0,0.9244921106681042,0.9406676535443073,0.9255002839128423,0.005322264118552952,0.005581851174820216,-0.00025958705626726427,-4.877380199196922,1.125505093329874,1.1807152168906052,0.055210123560731385,32.0
53.0,9.0,5.0,3.0,7.0,1.0,128.0,0.8560202296229555,0.9267578004667901,0.8649794584675192,0.022826895267254354,0.016691352230611717,0.006135543036642635,26.878570058733292,-0.36324653983801,0.06729021154733472,0.43053675138534475,32.0
53.0,9.0,5.0,3.0,7.0,4.0,512.0,0.8560202296229555,0.9267578004667901,0.8642780321893435,0.006178149509972634,0.004791844626880207,0.0013863048830924278,22.43883675613037,1.1933765743865319,1.3315067166415573,0.13813014225502532,32.0
54.0,17.0,5.0,3.0,7.0,1.0,128.0,0.8766491291552047,0.8670977940121399,0.8858703086437688,0.019677260140069548,0.016429233179673625,0.0032480269603959236,16.506500078137623,0.7190323990483889,0.32323430332643566,-0.39579809572195324,32.0
54.0,17.0,5.0,3.0,7.0,4.0,512.0,0.8766491291552047,0.8670977940121399,0.8840127229007873,0.004635015311847122,0.005392550031024597,-0.0007575347191774741,-16.34373714453999,1.8714302088655739,1.235801191710808,-0.635629017154766,32.0
55.0,19.0,1.0,2.0,7.0,1.0,128.0,0.9169464139370105,0.9196545600449552,0.9204915169930201,0.009833327528838653,0.008950754480206444,0.0008825730486322089,8.975324436655306,3.8930385824793223,1.7585258547661013,-2.134512727713221,32.0
55.0,19.0,1.0,2.0,7.0,4.0,512.0,0.9169464139370105,0.9196545600449552,0.9177828742296708,0.002773821157783636,0.0032337000440306506,-0.00045987888624701506,-16.579255117315192,5.077827196978442,2.991048472007587,-2.086778724970855,32.0
56.0,19.0,4.0,2.0,7.0,1.0,128.0,0.9411196283324124,0.9436919826037227,0.9455763383825957,0.022768689038476415,0.02076707427751328,0.002001614760963138,8.791084798868498,3.7127316514655586,3.1585920487900454,-0.554139602675513,32.0
56.0,19.0,4.0,2.0,7.0,4.0,512.0,0.9411196283324124,0.9436919826037227,0.940133717346074,0.005485703258884609,0.006499049417996873,-0.0010133461591122636,-18.472493157026946,4.755928373593994,3.890853006465866,-0.8650753671281283,32.0
